,importance
Bit_1104,0.012135003184719778
Bit_1921,0.011115490542977398
Bit_1037,0.010605552334405625
Bit_1844,0.010484250053676713
Bit_1171,0.009778008335809458
Bit_623,0.009269042755054233
Bit_82,0.00820149036182785
Bit_489,0.007812895652608355
Bit_1607,0.0076059428502701695
Bit_1019,0.006942814017835487
Bit_1290,0.0068134295590671305
Bit_1754,0.006687155940370551
Bit_1977,0.006661798511674788
Bit_610,0.006501977453509848
Bit_1066,0.006464426194686426
Bit_1487,0.006331273014636306
Bit_80,0.0063023460248859955
Bit_550,0.006234889045259891
Bit_389,0.006196499616167923
Bit_786,0.0059821608765136414
Bit_1990,0.005919404314794682
Bit_140,0.005567540160975285
Bit_79,0.005543390396420822
Bit_1764,0.005483915277950812
Bit_1234,0.0051600111807231005
Bit_1114,0.005087846018776919
Bit_573,0.0049630496532055215
Bit_338,0.004957547028407392
Bit_807,0.004736476109302574
Bit_1937,0.004722049985321728
Bit_1475,0.004700947887644903
Bit_1691,0.004688067156860529
Bit_589,0.004678710042858688
Bit_1381,0.004583499970074173
Bit_1602,0.0045168600587636165
Bit_315,0.004500420399538203
Bit_650,0.004425917123276399
Bit_1516,0.00396924252992642
Bit_1110,0.003631587406155935
Bit_1152,0.003584378391063581
Bit_301,0.0035465656374443423
Bit_935,0.0035192074846648116
Bit_966,0.003438062639591449
Bit_101,0.0033775748333500183
Bit_880,0.003297090893712769
Bit_1309,0.003242213464109038
Bit_1393,0.0031823889138008895
Bit_222,0.0031570229359027847
Bit_1323,0.0031559490199859074
Bit_1257,0.0031232759519628957
Bit_1898,0.00310089438486063
Bit_1259,0.0030316926958991104
Bit_5,0.0029963483691622206
Bit_1575,0.0029530831197481537
Bit_1042,0.0029344209939581416
Bit_551,0.002930542281150538
Bit_1715,0.002877773759041479
Bit_1943,0.002877073425352039
Bit_47,0.0028613530886591088
Bit_1745,0.002729775590687316
Bit_502,0.002694824179503591
Bit_998,0.002638615399364885
Bit_1917,0.0026154135190979313
Bit_1385,0.0026113693000251485
Bit_1057,0.0025886441896845963
Bit_1,0.0025768779677260794
Bit_736,0.0025572163084129737
Bit_1624,0.0025479674478463324
Bit_1082,0.0025403732670716754
Bit_192,0.0025337371165623248
Bit_1124,0.0025286631194197883
Bit_1149,0.002526237546323156
Bit_250,0.002513837764476229
Bit_387,0.0024497600546217898
Bit_1199,0.0024365742767693765
Bit_193,0.0024356583303627153
Bit_1088,0.0024260277450238667
Bit_1431,0.00238923625724934
Bit_878,0.0023787827352144183
Bit_1616,0.002342575894461631
Bit_314,0.0023225412741920246
Bit_675,0.002311738956801009
Bit_926,0.0022904258329391157
Bit_739,0.0022784462305366925
Bit_989,0.0022357381172624785
Bit_1941,0.0022278449295620407
Bit_334,0.002192202726861353
Bit_806,0.0021733588084527165
Bit_117,0.0021654340154760275
Bit_875,0.002162923191605577
Bit_364,0.002146259105938474
Bit_1750,0.0021409228549383167
Bit_684,0.002127178979605832
Bit_656,0.00202409339813955
Bit_715,0.0020138166495683217
Bit_745,0.0020109559076186704
Bit_1287,0.0020065233879833803
Bit_447,0.001998797179932675
Bit_753,0.001992321107892632
Bit_319,0.00199030169779829
Bit_283,0.0019510476772280237
Bit_2008,0.0019391771087238264
Bit_1480,0.001908917822735941
Bit_849,0.0019051524155865205
Bit_310,0.001842720350455154
Bit_1737,0.0018315960501716151
Bit_648,0.0018107493842672434
Bit_41,0.0017897733422630577
Bit_696,0.001789662828314018
Bit_857,0.0017849673138022903
Bit_1760,0.0017708222487819011
Bit_378,0.0017669929419864574
Bit_695,0.0017504040448503477
Bit_1097,0.0017122957157534883
Bit_116,0.0017011050822731486
Bit_1873,0.0016721588024484948
Bit_1313,0.0016663008196516867
Bit_1878,0.0016634555155662996
Bit_725,0.0016577726330855194
Bit_1778,0.0016475750094912046
Bit_1796,0.0016356042872043477
Bit_486,0.0016273379974125117
Bit_69,0.0016231316733815323
Bit_144,0.0016128635060718639
Bit_1208,0.001606141790082272
Bit_2016,0.0015889896358145092
Bit_606,0.0015883270297127267
Bit_1879,0.0015866737390374918
Bit_1476,0.001576481424521248
Bit_197,0.0015645897379125667
Bit_1664,0.0015597153039195347
Bit_343,0.0015565301582619305
Bit_416,0.0015518580750227056
Bit_1212,0.0014966665752528658
Bit_841,0.001496477835363437
Bit_1325,0.0014947903067709502
Bit_722,0.0014820164615437705
Bit_1039,0.0014566386172519818
Bit_1028,0.0014563687966651433
Bit_470,0.0014483892932208588
Bit_1448,0.0014335185688158308
Bit_1985,0.0014320471782530398
Bit_1609,0.0014288441426334474
Bit_1283,0.001427923170310265
Bit_2006,0.0014275672838834034
Bit_1422,0.0014264486532709804
Bit_1683,0.0014222010815749277
Bit_1855,0.0014132532264925128
Bit_1672,0.0014075832584951814
Bit_561,0.0014055420301769892
Bit_936,0.0014023878840338877
Bit_531,0.0013934064135350188
Bit_1083,0.0013925131835840702
Bit_203,0.0013912780491460402
Bit_1430,0.00138898836275828
Bit_216,0.0013819811374224012
Bit_328,0.0013762626093263167
Bit_959,0.0013759902312987149
Bit_294,0.001363155696271338
Bit_1849,0.0013602237420186638
Bit_170,0.0013600113190344676
Bit_476,0.0013566663587512358
Bit_119,0.0013549738624131008
Bit_1433,0.00135254017774453
Bit_1603,0.0013408922987535336
Bit_350,0.0013399700396132675
Bit_890,0.001339522746895844
Bit_1452,0.001335268732268821
Bit_598,0.0013279716212126912
Bit_749,0.00131798450818976
Bit_632,0.0013155341316517517
Bit_1145,0.0013148349605197596
Bit_694,0.0013078460496357394
Bit_697,0.0013032668007083293
Bit_1380,0.0012983058854375035
Bit_1009,0.0012960299376593132
Bit_1791,0.001292638684005887
Bit_1911,0.0012925022388428971
Bit_1017,0.0012878000674477368
Bit_191,0.0012850195818743632
Bit_981,0.0012771835628348329
Bit_932,0.001274025250167838
Bit_1087,0.0012706225521915068
Bit_811,0.0012637124101146165
Bit_1107,0.001262544926600701
Bit_760,0.0012611032545761444
Bit_383,0.0012566151391852807
Bit_251,0.001246719623807874
Bit_1141,0.0012451652316033022
Bit_1618,0.0012437126968210276
Bit_1783,0.001235466434945299
Bit_1866,0.0012256672822539083
Bit_1689,0.0012072692120387097
Bit_698,0.0012069881431987883
Bit_621,0.001195277213321327
Bit_446,0.0011869717357034073
Bit_1527,0.0011856264421578673
Bit_1928,0.001182940111617779
Bit_1427,0.001175583728816223
Bit_896,0.0011557443718915577
Bit_1853,0.0011538394877247046
Bit_160,0.0011482378723230993
Bit_1365,0.0011451775296148284
Bit_1182,0.0011350667415142277
Bit_1222,0.0011343019200938966
Bit_1357,0.0011323861459103701
Bit_475,0.001128870860037155
Bit_1279,0.0011254706172715186
Bit_167,0.0011177978080322362
Bit_354,0.0011151167680471163
Bit_1573,0.0011039764876472052
Bit_186,0.0011038290380389398
Bit_577,0.0010965538551049648
Bit_198,0.0010919757049186814
Bit_649,0.0010872145407263274
Bit_1160,0.0010868714657630257
Bit_1060,0.0010853743981439163
Bit_1077,0.0010828627333353744
Bit_1724,0.0010817464117431582
Bit_1718,0.0010806653286006308
Bit_1829,0.0010779191090227794
Bit_1558,0.00107608077256597
Bit_898,0.0010752990376858057
Bit_1596,0.0010740959943145827
Bit_456,0.0010685351238302145
Bit_1243,0.001065654679262073
Bit_1697,0.0010539077785608232
Bit_1034,0.0010529491330725333
Bit_1457,0.0010525978479619573
Bit_699,0.0010511102215344519
Bit_911,0.0010450087421406736
Bit_961,0.001038996200273198
Bit_205,0.0010376743103170582
Bit_2009,0.001017423511739855
Bit_1085,0.00101265238747116
Bit_1349,0.001006572834586418
Bit_667,0.0009899657101854417
Bit_1840,0.0009881472429382379
Bit_1722,0.0009844356613344391
Bit_227,0.0009820462023231215
Bit_1970,0.0009731138865145442
Bit_750,0.000969858792250907
Bit_376,0.0009647194713197234
Bit_1482,0.0009632078464861839
Bit_832,0.0009621499052267651
Bit_974,0.0009580161852175973
Bit_233,0.0009482617854354049
Bit_280,0.0009432053245036476
Bit_1413,0.0009422798221355923
Bit_457,0.0009333028757126936
Bit_979,0.000923038981086033
Bit_881,0.0009184234597327862
Bit_1564,0.0009114976798118478
Bit_1237,0.000908458155870048
Bit_245,0.0009077121227213194
Bit_823,0.0009072740309064489
Bit_188,0.0008995994192514831
Bit_1063,0.0008939730621500803
Bit_1517,0.0008903813088191164
Bit_305,0.0008831981301104257
Bit_443,0.0008805171652619287
Bit_652,0.0008802481284470101
Bit_843,0.0008800584864248842
Bit_1536,0.0008723342132254594
Bit_964,0.0008620352825289485
Bit_1721,0.000852573729783646
Bit_1676,0.0008475854522179318
Bit_1163,0.0008450188849544462
Bit_180,0.0008444030905924777
Bit_1520,0.0008421889326172347
Bit_619,0.0008376359486300356
Bit_1440,0.0008348072372622742
Bit_202,0.000824109283554577
Bit_1095,0.0008219548831140431
Bit_1136,0.0008210116089623096
Bit_322,0.0008207733091534841
Bit_775,0.0008186540697547422
Bit_1070,0.0008184213859499594
Bit_31,0.000815542826322861
Bit_888,0.0008138521359082791
Bit_1435,0.0008119282189644522
Bit_637,0.0008074481325304036
Bit_231,0.0007982505777446116
Bit_1738,0.0007968579181784079
Bit_1837,0.0007952409479094697
Bit_798,0.0007937704211636247
Bit_547,0.0007884101915554333
Bit_407,0.0007849113747015774
Bit_176,0.000779029568011911
Bit_1119,0.0007772187370061884
Bit_689,0.0007748290275797708
Bit_114,0.0007745748110562635
Bit_221,0.0007731734827708121
Bit_1816,0.0007720330065076739
Bit_1045,0.0007696729030653385
Bit_1950,0.0007694619238866851
Bit_1497,0.0007623531653241107
Bit_1733,0.0007602764373957903
Bit_1215,0.000758949914161821
Bit_45,0.0007551621943636316
Bit_1292,0.0007522131178842907
Bit_869,0.0007494626992561378
Bit_1984,0.000747503264956502
Bit_1318,0.0007458189996592348
Bit_1387,0.0007432430063975571
Bit_352,0.0007402976966947246
Bit_1238,0.0007310994777435387
Bit_34,0.0007286802126536329
Bit_525,0.000728580132589971
Bit_14,0.0007276789048853358
Bit_1451,0.0007261260030059562
Bit_828,0.0007258463814106519
Bit_794,0.0007248889418504558
Bit_392,0.0007190201194460042
Bit_394,0.0007184870803196187
Bit_1922,0.0007157394606531958
Bit_440,0.000713312262667579
Bit_134,0.0007120181037134843
Bit_1111,0.0007094606551887484
Bit_4,0.0007081285724378098
Bit_54,0.0006958739886210235
Bit_1416,0.000694691266632968
Bit_1876,0.0006922371207123143
Bit_607,0.000688234837921742
Bit_2004,0.0006855469340416504
Bit_816,0.0006854015903438947
Bit_718,0.0006833633776008104
Bit_1384,0.0006826179542913872
Bit_458,0.0006803520554768908
Bit_488,0.0006797805192978491
Bit_361,0.0006795048458923344
Bit_522,0.00067862729322397
Bit_1905,0.0006778565605100025
Bit_11,0.0006762823899625242
Bit_1859,0.0006751426971077949
Bit_747,0.0006740964037254383
Bit_1510,0.0006739375612068656
Bit_194,0.0006702166744603639
Bit_858,0.0006679072824434892
Bit_147,0.0006629532176214154
Bit_249,0.0006614580947497173
Bit_653,0.0006576398416621379
Bit_64,0.0006534364646809969
Bit_1236,0.0006522562137504132
Bit_1179,0.0006501274231294971
Bit_1469,0.0006481897863827379
Bit_591,0.0006464957763535523
Bit_1864,0.0006432376524394017
Bit_1274,0.0006413826629226152
Bit_1665,0.0006412186823225757
Bit_1794,0.00064110484697362
Bit_461,0.0006411030469050014
Bit_790,0.0006361329956124882
Bit_1604,0.000634645813193905
Bit_472,0.0006342222731454249
Bit_1024,0.0006327820276831761
Bit_172,0.0006280091662682584
Bit_782,0.0006268910141180914
Bit_1456,0.0006253823682602497
Bit_1775,0.0006251392170244349
Bit_278,0.0006248036147342555
Bit_1946,0.0006240353024330562
Bit_1471,0.0006231476734240797
Bit_1228,0.0006224309614810018
Bit_1444,0.000621254192896612
Bit_1214,0.0006179643124373595
Bit_92,0.0006161192962090375
Bit_1800,0.00061361078714441
Bit_1747,0.0006083031476156953
Bit_1294,0.0006083020872072666
Bit_1065,0.0006067182424573347
Bit_1868,0.0006047296591385654
Bit_1410,0.0006027399012030739
Bit_1423,0.0006026502480753333
Bit_859,0.0006021226724830513
Bit_340,0.0006000844134875645
Bit_1004,0.0005982914301047004
Bit_108,0.0005973827163826961
Bit_840,0.0005972953000403474
Bit_1205,0.0005967031302495094
Bit_883,0.0005948282460399582
Bit_1725,0.0005931386923826312
Bit_693,0.0005922216345617755
Bit_1623,0.0005918191261337359
Bit_1148,0.0005902268035207289
Bit_1966,0.0005895727650719938
Bit_2020,0.00058863796166139
Bit_1298,0.0005886120254636838
Bit_1978,0.0005854282551464292
Bit_1574,0.0005834354692956425
Bit_1405,0.000579870523874232
Bit_1455,0.0005780886202218471
Bit_1386,0.000576102801490701
Bit_1308,0.0005740218783596617
Bit_1164,0.0005724551443041298
Bit_633,0.0005715231234540452
Bit_1143,0.0005699872282721412
Bit_373,0.000567779668354883
Bit_1992,0.0005651440253564486
Bit_1524,0.0005611604610998159
Bit_451,0.000558971566364483
Bit_1362,0.0005587560155011598
Bit_102,0.0005580335870929976
Bit_1968,0.0005565123504216084
Bit_1773,0.0005538126571861566
Bit_687,0.0005528776561883172
Bit_1535,0.0005527279021642674
Bit_835,0.0005524918115570125
Bit_781,0.0005516374104656182
Bit_357,0.0005514413241395794
Bit_1181,0.0005513280658831086
Bit_1399,0.0005504229694495838
Bit_1391,0.0005494875031119347
Bit_872,0.000548183721742313
Bit_1763,0.0005472956350440194
Bit_1927,0.0005471714730949024
Bit_276,0.0005468728080273235
Bit_1929,0.0005458275940956584
Bit_1708,0.0005449753287049943
Bit_809,0.0005415959974778858
Bit_281,0.0005403652740204413
Bit_802,0.000540009622125261
Bit_800,0.0005356905275520204
Bit_1852,0.0005353406631566074
Bit_74,0.0005340246733806001
Bit_1994,0.0005323718138934012
Bit_584,0.0005320507146258668
Bit_887,0.0005309394860143889
Bit_277,0.0005283252015376058
Bit_13,0.0005259778136943758
Bit_1523,0.0005250162406370827
Bit_1074,0.0005233726151483079
Bit_614,0.0005232506128322223
Bit_1537,0.0005196869518963794
Bit_479,0.0005191097790297603
Bit_673,0.0005182325773702991
Bit_115,0.0005181981481936595
Bit_1162,0.0005180012662083632
Bit_1736,0.0005178916722873978
Bit_1581,0.000515481141464962
Bit_1267,0.0005147175036599708
Bit_195,0.000509338908648137
Bit_386,0.0005080033271718173
Bit_1096,0.000506206113385422
Bit_1642,0.0005056079638043024
Bit_16,0.0005046174325975598
Bit_454,0.0005045713354193636
Bit_289,0.0005040051048783426
Bit_1812,0.0005015005649679816
Bit_351,0.0005010211854500458
Bit_1584,0.0005006584495659673
Bit_121,0.0005003141266532398
Bit_1910,0.0004990379287123781
Bit_1295,0.0004988265940372148
Bit_1597,0.0004987184899510956
Bit_1854,0.0004966123994758054
Bit_535,0.0004965474899210246
Bit_1693,0.0004945029303358805
Bit_1635,0.0004925692624396257
Bit_84,0.0004919051428124093
Bit_1285,0.0004890174356293277
Bit_165,0.0004873271996047026
Bit_464,0.00048377007705505224
Bit_1073,0.00048204966628820014
Bit_957,0.0004817019650797326
Bit_1500,0.0004808761358338694
Bit_1670,0.00048052841405247046
Bit_1453,0.0004804379901354649
Bit_758,0.0004802183718678041
Bit_983,0.00047877192697189135
Bit_291,0.00047847353858324895
Bit_1508,0.0004770844981923597
Bit_368,0.00047651641670807366
Bit_474,0.0004752731114471826
Bit_1610,0.00047407245663004164
Bit_837,0.00047339750081955143
Bit_18,0.0004731300304509812
Bit_1495,0.0004720354462034669
Bit_691,0.0004711802574203912
Bit_1507,0.0004698182658149775
Bit_1417,0.0004682744950189445
Bit_1991,0.0004680920698036073
Bit_1825,0.00046782339220182974
Bit_1264,0.00046739336364255235
Bit_1224,0.0004669169705130325
Bit_33,0.0004668870897038883
Bit_1049,0.00046522035403084313
Bit_1951,0.0004643055266680756
Bit_1663,0.00046209055465691926
Bit_608,0.0004593674663617365
Bit_506,0.0004592735306334072
Bit_1027,0.0004579897521693179
Bit_1328,0.0004578879152494095
Bit_125,0.00045728417577773527
Bit_674,0.00045622925044416844
Bit_900,0.00045583744877304244
Bit_1403,0.0004553623076701985
Bit_83,0.0004544342769543796
Bit_1321,0.00045439390254006
Bit_236,0.00045230472590414696
Bit_1013,0.00045177987722413515
Bit_1863,0.00044879308292553093
Bit_1980,0.0004479116879249765
Bit_1032,0.0004477329076215232
Bit_847,0.000447382590930589
Bit_587,0.00044689881993488744
Bit_29,0.0004466233607947928
Bit_145,0.0004454646893862631
Bit_1657,0.00044410581426798293
Bit_1865,0.0004437202910720995
Bit_2007,0.000443168369526442
Bit_2021,0.0004405095638673713
Bit_162,0.00044050681304783995
Bit_397,0.00043946722234869206
Bit_1567,0.00043926045655098107
Bit_1167,0.0004390983874972502
Bit_1270,0.0004387038633276776
Bit_984,0.00043839059592395215
Bit_157,0.0004383202945892716
Bit_971,0.0004383001086717955
Bit_232,0.00043798201224422176
Bit_1532,0.0004378280442840106
Bit_576,0.00043779001136168424
Bit_1942,0.0004367653081946111
Bit_1005,0.0004364498663797577
Bit_1880,0.00043589173494502426
Bit_158,0.00043511771410474105
Bit_381,0.00043501903578065164
Bit_1808,0.0004342995736510539
Bit_1441,0.00043410655809095357
Bit_1312,0.00043321713060914916
Bit_1803,0.00043121364923836696
Bit_2034,0.00043115617937817825
Bit_507,0.0004306947087733949
Bit_953,0.00042953021076204726
Bit_1682,0.00042796039670239523
Bit_716,0.00042709900370878194
Bit_617,0.0004269745546721431
Bit_1409,0.0004266609195490063
Bit_1048,0.0004264457697440936
Bit_1633,0.0004257202080516194
Bit_955,0.0004251230680962402
Bit_787,0.0004238880696798881
Bit_501,0.0004234958110805972
Bit_1538,0.00042293958051902277
Bit_1172,0.00042127768115098806
Bit_1101,0.00042080133698192695
Bit_242,0.0004199512696397098
Bit_1458,0.00041959108223251813
Bit_1401,0.00041927936636783526
Bit_106,0.0004178326744956604
Bit_992,0.0004177343760878374
Bit_1210,0.000416654741340054
Bit_94,0.0004164697792297162
Bit_680,0.00041537564893807624
Bit_1154,0.00041378828412120893
Bit_143,0.00041376797792528236
Bit_1601,0.0004110542261700048
Bit_173,0.00040944081024600376
Bit_1679,0.0004085233452452451
Bit_1366,0.00040765520705386384
Bit_1360,0.0004071886567278795
Bit_1784,0.0004071024552040073
Bit_65,0.0004052960985442305
Bit_1645,0.00040489690656782197
Bit_692,0.00040425037721455504
Bit_299,0.0004033803620425796
Bit_1568,0.00040260629868057004
Bit_504,0.00040157918339699437
Bit_1547,0.000400450565169279
Bit_1130,0.00040031174187889684
Bit_307,0.0004000223118019146
Bit_1842,0.0003999901909068436
Bit_493,0.00039911718410577874
Bit_1680,0.00039892641667091334
Bit_490,0.0003988632199800063
Bit_1647,0.000396700749916777
Bit_624,0.0003965302891522516
Bit_1473,0.00039420510083771997
Bit_1225,0.00039374838538374545
Bit_1996,0.0003936078010414638
Bit_345,0.00039353334027779986
Bit_385,0.0003935098263989352
Bit_1168,0.0003930335775400965
Bit_575,0.00039258140866352015
Bit_2044,0.0003895319357140104
Bit_1749,0.00038940679215815897
Bit_647,0.0003883535405344862
Bit_1089,0.0003875874046434246
Bit_169,0.00038747182333903304
Bit_432,0.0003871538744395105
Bit_207,0.0003851662226625623
Bit_552,0.00038415571449159323
Bit_1998,0.000381690011665628
Bit_268,0.0003804398574035659
Bit_892,0.0003803739853148669
Bit_1585,0.0003803261452878334
Bit_1902,0.0003802622671106756
Bit_325,0.00038024919880552
Bit_563,0.00038020004336956144
Bit_235,0.0003798380188811121
Bit_2039,0.0003795412851531661
Bit_940,0.0003785390643559913
Bit_2033,0.0003782296515541359
Bit_369,0.0003773897023137155
Bit_762,0.0003771946460985169
Bit_645,0.00037598111217897244
Bit_239,0.00037490970922654
Bit_1250,0.00037485110677611767
Bit_1229,0.00037325178930246595
Bit_1261,0.0003732168135342603
Bit_1078,0.0003714736145298455
Bit_118,0.00037105037758683544
Bit_679,0.0003688877528341814
Bit_1823,0.00036859998437605094
Bit_558,0.00036656129906799585
Bit_1120,0.00036602545930043755
Bit_155,0.00036471885087419086
Bit_1375,0.00036453907126694833
Bit_1583,0.00036413082044499075
Bit_708,0.00036338249356479996
Bit_1102,0.00036329317421207114
Bit_952,0.00036316784816214616
Bit_949,0.0003630224778476831
Bit_1648,0.00036209761861415553
Bit_184,0.0003607558277111947
Bit_448,0.0003595643446683545
Bit_9,0.00035883285461103847
Bit_1178,0.00035775900484642537
Bit_643,0.00035618352768780924
Bit_1305,0.00035583933558497755
Bit_491,0.00035530798403886056
Bit_1021,0.0003552356293967864
Bit_379,0.00035458107094967075
Bit_833,0.00035449467834564106
Bit_409,0.00035409433605665847
Bit_263,0.0003513955191453102
Bit_1649,0.0003513154512119633
Bit_1862,0.00035122207648836197
Bit_1628,0.0003511146387403248
Bit_366,0.000350229925301792
Bit_1436,0.0003500784405633161
Bit_333,0.00035005080360595535
Bit_996,0.0003500406237336691
Bit_928,0.00034966462631254666
Bit_2035,0.00034958902361725103
Bit_1555,0.00034671503177518393
Bit_1820,0.00034658251608241927
Bit_968,0.0003450402000550278
Bit_0,0.00034459093655816325
Bit_556,0.00034318901983424567
Bit_258,0.00034309170601848837
Bit_87,0.000342847807952899
Bit_1631,0.0003414852487104023
Bit_1877,0.0003414698067659796
Bit_240,0.0003412949974476191
Bit_600,0.0003412688066779058
Bit_150,0.0003411808872008549
Bit_1174,0.0003411731046820895
Bit_592,0.0003400784614664471
Bit_622,0.00033923397267278084
Bit_2038,0.0003390422844707732
Bit_804,0.00033760751225400546
Bit_1138,0.0003371905502012576
Bit_1995,0.0003369788965630002
Bit_1939,0.00033688803097332886
Bit_597,0.0003360943171382514
Bit_1640,0.0003357752534401045
Bit_127,0.0003347204809190552
Bit_950,0.00033404824133262656
Bit_978,0.00033328901426344775
Bit_151,0.00033296339809300423
Bit_295,0.00033286018414281263
Bit_1744,0.00033239225651517893
Bit_588,0.00033166270713416257
Bit_341,0.00033157343282052567
Bit_1681,0.0003311663609749234
Bit_226,0.0003309224685223638
Bit_1324,0.0003306315768966219
Bit_1390,0.00033044104270483815
Bit_497,0.0003300802293144763
Bit_459,0.0003297131798563932
Bit_1445,0.0003290101828755842
Bit_1008,0.00032877846235411523
Bit_1959,0.0003279904213933887
Bit_1339,0.0003264388711194203
Bit_257,0.0003261466408444957
Bit_1617,0.0003260787409697536
Bit_1459,0.0003247199193869028
Bit_223,0.0003246037430564065
Bit_2,0.0003244715626944583
Bit_132,0.0003238157123035058
Bit_1155,0.00032350428420114895
Bit_1847,0.00032346604881972225
Bit_1956,0.0003207688459751437
Bit_973,0.00031959144107673236
Bit_682,0.0003194914597110628
Bit_1819,0.00031823178921859904
Bit_362,0.0003181409141406258
Bit_1241,0.00031772577037698354
Bit_435,0.0003176997569116949
Bit_135,0.0003174917889524658
Bit_1988,0.00031605609108088936
Bit_810,0.0003152320048613045
Bit_1660,0.00031512872360761775
Bit_1627,0.00031439544562203024
Bit_724,0.0003142413271548746
Bit_579,0.00031328661741198316
Bit_484,0.0003127551058970412
Bit_1556,0.0003124837506053643
Bit_1856,0.00031162461379919776
Bit_860,0.00031149669939441844
Bit_1036,0.0003114800607794254
Bit_871,0.0003112652873911349
Bit_1128,0.0003107510006211851
Bit_1544,0.00031007405822347706
Bit_208,0.0003098291320779088
Bit_1109,0.00030953646913651714
Bit_1184,0.0003089935076835199
Bit_210,0.00030888452068010655
Bit_1447,0.00030879098352697864
Bit_339,0.00030761052109708295
Bit_1421,0.0003072310670411719
Bit_1887,0.00030602095616525857
Bit_372,0.0003057863554422714
Bit_703,0.0003049453145237221
Bit_2036,0.0003046606364882103
Bit_630,0.0003033068201826902
Bit_845,0.0003030114853489407
Bit_1240,0.00030298160137926026
Bit_626,0.0003029491472305077
Bit_879,0.00030164507069131783
Bit_27,0.0003010814053740934
Bit_1926,0.000299957240459405
Bit_430,0.0002994411301541146
Bit_893,0.00029899987137000755
Bit_55,0.0002979501246133659
Bit_482,0.0002976557982422605
Bit_852,0.0002957956110972031
Bit_677,0.0002953763153865958
Bit_58,0.00029525418745073126
Bit_2022,0.00029460031915180894
Bit_267,0.0002938779770132708
Bit_237,0.00029383424933358647
Bit_1147,0.00029325657265983414
Bit_1578,0.0002930083453396036
Bit_1347,0.00029278865408443737
Bit_1608,0.00029272743177707227
Bit_1696,0.00029268831394480596
Bit_1694,0.00029200522619099987
Bit_12,0.00029176065962638033
Bit_2000,0.00029138118857640694
Bit_2001,0.00029130398989046314
Bit_1158,0.0002905770558335718
Bit_419,0.00029054284606555927
Bit_1047,0.0002904329804383417
Bit_1561,0.0002900525930762419
Bit_751,0.000289706687734324
Bit_437,0.00028905451640798453
Bit_1923,0.0002887733133085258
Bit_1035,0.0002880066838223606
Bit_424,0.00028704785590479557
Bit_524,0.0002870321227125858
Bit_1920,0.0002868711788916601
Bit_1030,0.0002864480694409548
Bit_767,0.00028549878127686793
Bit_441,0.0002847613786068545
Bit_503,0.00028467892538470085
Bit_408,0.0002845951267739547
Bit_1344,0.0002844448000083562
Bit_548,0.00028397688993128076
Bit_309,0.0002837764465931517
Bit_534,0.0002824919673054998
Bit_808,0.00028183662118200177
Bit_255,0.0002815076714035
Bit_1043,0.0002801544490382263
Bit_625,0.0002800669250920255
Bit_1826,0.0002797987386424241
Bit_70,0.0002783094295111241
Bit_1599,0.0002780802457929126
Bit_214,0.000277791580516141
Bit_1437,0.0002773174160625985
Bit_2017,0.000277051248574003
Bit_1434,0.00027633199545699455
Bit_1273,0.0002762912260033494
Bit_469,0.00027589492527500814
Bit_1734,0.0002753855446734761
Bit_987,0.00027501838847095156
Bit_901,0.000275012043838773
Bit_1530,0.00027482070123653867
Bit_1193,0.00027480776080341025
Bit_2030,0.00027442114865286
Bit_1867,0.0002738596811741921
Bit_35,0.0002735611570422799
Bit_185,0.00027306296117111966
Bit_1291,0.0002726561748946112
Bit_1367,0.0002723600506979234
Bit_1758,0.00027212393764406806
Bit_1221,0.0002716300234155944
Bit_1629,0.0002709134997404463
Bit_164,0.00027087454833028986
Bit_1934,0.0002707122736703785
Bit_815,0.00027012023110134487
Bit_752,0.00026997668062911427
Bit_1332,0.00026959690864851254
Bit_960,0.00026952255445910874
Bit_1484,0.00026828451789347136
Bit_1200,0.00026796777851627177
Bit_613,0.00026629382881951694
Bit_660,0.0002656346373332611
Bit_1359,0.00026538164017648086
Bit_401,0.00026493168311084587
Bit_1857,0.00026480808482753064
Bit_2028,0.0002641550841718528
Bit_2043,0.00026386255138330687
Bit_1481,0.0002633484284498277
Bit_1828,0.0002630065527958516
Bit_1989,0.00026267036597561223
Bit_355,0.00026257479355464627
Bit_130,0.0002623828541705583
Bit_1135,0.000262075258882123
Bit_916,0.00026196330128853534
Bit_1973,0.0002612668771811847
Bit_1897,0.0002610715942930081
Bit_908,0.0002605207414861032
Bit_690,0.00026039707891074057
Bit_585,0.00026011733200369724
Bit_1299,0.00025983330942878165
Bit_1552,0.0002590624119162049
Bit_1402,0.00025905434000772265
Bit_629,0.000258713763781971
Bit_713,0.00025865091572223195
Bit_1949,0.00025830377663113845
Bit_46,0.0002577914350712993
Bit_738,0.0002576526588855889
Bit_710,0.00025745301657703303
Bit_993,0.0002570350334036482
Bit_1915,0.0002570300362131271
Bit_284,0.00025633484434607254
Bit_865,0.0002562458413827028
Bit_874,0.000254707094986931
Bit_1901,0.00025462588798600533
Bit_1470,0.0002544939815488112
Bit_1249,0.0002540743539679623
Bit_1779,0.0002536901710157242
Bit_146,0.00025355850324016604
Bit_90,0.0002535219138797129
Bit_478,0.0002530527831044047
Bit_1139,0.00025287859774358385
Bit_61,0.00025263993548646594
Bit_514,0.00025197248099274346
Bit_1369,0.00025078889195019144
Bit_1765,0.0002507563333821382
Bit_1815,0.0002503588656710818
Bit_1463,0.0002498286319245886
Bit_570,0.00024860227708728265
Bit_580,0.0002482476116888362
Bit_1420,0.00024786959500092175
Bit_844,0.00024759059448642537
Bit_731,0.00024681741959927024
Bit_252,0.00024629158471973643
Bit_944,0.00024627965865588875
Bit_324,0.00024597282453986895
Bit_1245,0.0002459491793833649
Bit_1099,0.0002457451588809878
Bit_603,0.0002457210172489143
Bit_40,0.00024563060145916594
Bit_1511,0.0002456272889866403
Bit_1888,0.0002454677255830907
Bit_1265,0.0002448831774992826
Bit_894,0.0002448536275534229
Bit_1762,0.0002447574116573291
Bit_882,0.00024465205663241527
Bit_473,0.000244278088088968
Bit_2042,0.0002440025628198016
Bit_332,0.0002438801483736704
Bit_1343,0.0002433229635730232
Bit_1674,0.00024278080637056679
Bit_1916,0.00024176153174236827
Bit_431,0.0002414574979444873
Bit_941,0.00024145092503292907
Bit_505,0.00024141842258522162
Bit_1930,0.00024088319606992714
Bit_2019,0.00024039008917749264
Bit_985,0.00024000697829600672
Bit_1334,0.00024000523036982324
Bit_1404,0.0002399617600962099
Bit_329,0.00023940276314093719
Bit_665,0.00023922133375030486
Bit_1924,0.00023871489609764393
Bit_2011,0.00023853312682113983
Bit_1256,0.00023825225516682755
Bit_1211,0.0002379488392202201
Bit_1173,0.0002371956923214719
Bit_413,0.0002367459371344476
Bit_1498,0.00023638996693133653
Bit_1752,0.00023577146617033567
Bit_42,0.00023554983306262918
Bit_1598,0.00023544591414519455
Bit_1166,0.00023503682883195513
Bit_1589,0.00023489245510087953
Bit_1509,0.0002345002064147101
Bit_586,0.00023420883122686598
Bit_1464,0.00023287436440520888
Bit_819,0.00023206071121119752
Bit_519,0.0002314177303103688
Bit_426,0.0002313703946196908
Bit_1675,0.0002313676886778925
Bit_929,0.00023006924339366217
Bit_1560,0.00022986504458684086
Bit_927,0.00022978067155072699
Bit_105,0.00022860678336240623
Bit_496,0.00022711614791124285
Bit_1061,0.0002270399178234362
Bit_1944,0.00022687427552954122
Bit_511,0.00022638632284011106
Bit_1242,0.00022616157806047943
Bit_1954,0.00022523632698995922
Bit_1884,0.0002252322326586445
Bit_554,0.00022521791311901204
Bit_19,0.00022495249238398124
Bit_947,0.00022384717233219544
Bit_1798,0.00022353385633010653
Bit_1126,0.00022348360594542907
Bit_609,0.0002232848447512814
Bit_1429,0.0002228122602087887
Bit_2002,0.00022278505414019174
Bit_2041,0.00022275531998231887
Bit_1133,0.00022253163759401512
Bit_230,0.00022200574388015715
Bit_917,0.0002214692365079679
Bit_1908,0.00022119725354770366
Bit_1972,0.0002203623436016926
Bit_335,0.0002203029531042539
Bit_460,0.0002201545832558381
Bit_1600,0.00021949151740442832
Bit_1938,0.00021933624724151506
Bit_1477,0.00021915049246625318
Bit_1964,0.00021901578684785264
Bit_1746,0.00021901341683080398
Bit_1810,0.00021845046160439674
Bit_590,0.00021820538678741684
Bit_1776,0.0002170823255672745
Bit_954,0.0002166416386617732
Bit_128,0.0002160860319081052
Bit_1671,0.0002160280151182884
Bit_25,0.00021589945997835638
Bit_862,0.00021509807421524324
Bit_1656,0.00021489309126735328
Bit_1845,0.00021478004450571972
Bit_885,0.0002145776776856082
Bit_73,0.0002145038799295766
Bit_1489,0.00021442133966456718
Bit_1912,0.00021436855076929366
Bit_1695,0.00021335661514491045
Bit_1093,0.00021296916041457542
Bit_965,0.00021253124929181014
Bit_89,0.00021245226392814672
Bit_967,0.00021233945393105925
Bit_1204,0.0002121247578361988
Bit_1296,0.00021153888316655006
Bit_271,0.00021114207197631176
Bit_744,0.00021102174305943702
Bit_1727,0.0002106939174479833
Bit_1735,0.00021020251775018167
Bit_759,0.00020980079783306391
Bit_1197,0.00020883816664408442
Bit_414,0.00020883691823466726
Bit_1690,0.00020804608263709411
Bit_1131,0.00020803078572010023
Bit_358,0.00020800556425743972
Bit_1056,0.00020756178753700337
Bit_1316,0.0002066932799381068
Bit_818,0.00020653920076547195
Bit_1306,0.00020564991402624707
Bit_1550,0.00020540047733952823
Bit_1981,0.0002053919289942544
Bit_634,0.0002053838915891193
Bit_1613,0.00020523434768025136
Bit_931,0.000203983424943698
Bit_316,0.00020333722447869816
Bit_1121,0.00020290176434012452
Bit_1935,0.0002028118074926003
Bit_1586,0.00020246596127962576
Bit_418,0.00020234150839204936
Bit_1885,0.00020198286292653296
Bit_1531,0.00020187639551518097
Bit_1118,0.0002018492968071876
Bit_1831,0.00020165706661979795
Bit_342,0.00020124706985034566
Bit_500,0.0002011569751354648
Bit_1638,0.0002009265077600238
Bit_914,0.00020062224534397375
Bit_564,0.0002006009627774711
Bit_1786,0.0002005897900916257
Bit_1611,0.00020009775168200624
Bit_1327,0.00019992533752698593
Bit_557,0.00019987621791352727
Bit_1112,0.00019987151798357065
Bit_1982,0.00019949856838484396
Bit_1563,0.00019852776233473643
Bit_657,0.00019766263516815327
Bit_85,0.0001972774074786009
Bit_855,0.00019679422175117612
Bit_654,0.0001960340877676524
Bit_1893,0.00019539510133687458
Bit_1582,0.0001948656801131452
Bit_1833,0.00019467469756966947
Bit_190,0.0001945544523063142
Bit_196,0.0001940612119193033
Bit_43,0.00019403495070944633
Bit_861,0.00019383832990918493
Bit_1753,0.00019365991305445441
Bit_772,0.00019335722121200684
Bit_512,0.00019251492230892037
Bit_2032,0.0001922452253836132
Bit_921,0.00019216973567795433
Bit_1851,0.00019153790430588653
Bit_1892,0.00019129825668941878
Bit_1570,0.00019103775814960255
Bit_905,0.00019014133102481897
Bit_1739,0.00019002339983396058
Bit_1432,0.0001899866999576625
Bit_640,0.0001899337349482656
Bit_1630,0.0001894054302488231
Bit_906,0.00018929612921360795
Bit_545,0.0001890327456348325
Bit_206,0.00018889756502649886
Bit_1515,0.00018835190199977412
Bit_318,0.00018802380597967403
Bit_1777,0.00018749387361151733
Bit_37,0.0001872255021781113
Bit_400,0.00018693012379955841
Bit_1719,0.00018659093190216325
Bit_850,0.00018560530933199598
Bit_1415,0.00018547897663321475
Bit_1407,0.00018500303090604052
Bit_466,0.0001846740391594217
Bit_1948,0.00018432313152113412
Bit_1072,0.00018379207225874446
Bit_1612,0.00018377062844099383
Bit_1025,0.00018368583118676192
Bit_546,0.00018362733180271262
Bit_62,0.00018360124412017268
Bit_1919,0.00018321853409250082
Bit_1140,0.00018314220837727801
Bit_293,0.00018306993443396202
Bit_1594,0.0001825908420169083
Bit_780,0.00018224341707725038
Bit_526,0.00018222300936741214
Bit_1226,0.00018217620278869587
Bit_1626,0.00018205639519778654
Bit_1542,0.000181972910083402
Bit_1780,0.00018174635929893966
Bit_153,0.00018135877137615764
Bit_384,0.00018127089470619488
Bit_57,0.00018096766743363947
Bit_925,0.00018061059872325112
Bit_97,0.00018024343674422338
Bit_1576,0.00018018561467778407
Bit_1335,0.00018017926595973772
Bit_220,0.00018013321493507697
Bit_177,0.00018013280407497506
Bit_864,0.00017876492951503676
Bit_666,0.0001785833002146451
Bit_1336,0.00017840981458446095
Bit_1841,0.00017723006664292925
Bit_701,0.00017643681753718517
Bit_702,0.00017631013342205668
Bit_1713,0.0001763021072151345
Bit_1134,0.00017611163381282813
Bit_1213,0.00017608564287789266
Bit_1488,0.00017575544128666965
Bit_1071,0.00017562652100129803
Bit_336,0.00017539325782156567
Bit_970,0.00017516138274057698
Bit_1731,0.00017510868371278175
Bit_1293,0.0001745843437035366
Bit_826,0.00017359911965534464
Bit_1822,0.00017349311232901497
Bit_1795,0.00017334984500712476
Bit_1684,0.0001724142649928081
Bit_123,0.00017203496443404676
Bit_1022,0.0001719126466756386
Bit_757,0.00017190749188248627
Bit_792,0.000171741774950359
Bit_1907,0.00017159308563607312
Bit_1176,0.0001711780330756774
Bit_238,0.000171177374678618
Bit_261,0.00017006616051891237
Bit_1209,0.00017003986782025067
Bit_415,0.00017001993390733099
Bit_1957,0.00016955264517226783
Bit_1799,0.00016934037702825841
Bit_298,0.00016931543277364043
Bit_1297,0.00016923900264100537
Bit_405,0.00016896683001509886
Bit_1195,0.00016803555990113134
Bit_462,0.00016773713771206663
Bit_10,0.00016770920939239577
Bit_110,0.00016764827661139127
Bit_313,0.00016741666201770732
Bit_685,0.00016730185059807425
Bit_1832,0.00016715284063252385
Bit_1069,0.00016693153614952662
Bit_1632,0.0001667246985445437
Bit_1117,0.00016653628385270784
Bit_1284,0.00016591850217106074
Bit_1806,0.0001657738458637312
Bit_939,0.00016539485152922321
Bit_1075,0.00016513207978047586
Bit_544,0.00016453542706453456
Bit_1496,0.00016441148373710438
Bit_1804,0.00016370112633347752
Bit_651,0.00016284075238481207
Bit_748,0.0001626834938649297
Bit_1203,0.00016245744907428963
Bit_1543,0.00016224303394887942
Bit_771,0.00016223336984024674
Bit_1717,0.00016207756247417311
Bit_1165,0.0001617027555588105
Bit_918,0.00016123251706991
Bit_1740,0.00016103728491181717
Bit_1522,0.00016069663083555905
Bit_1194,0.00016059959944933813
Bit_1716,0.00016021167890509046
Bit_1839,0.00015973896407678694
Bit_1821,0.00015944430467741867
Bit_824,0.00015940874500934587
Bit_1843,0.00015936139467021676
Bit_533,0.0001588599754332109
Bit_523,0.00015884872387676838
Bit_53,0.00015864417256971188
Bit_323,0.00015860189833229657
Bit_870,0.0001583616559319628
Bit_1615,0.00015833979006649475
Bit_148,0.0001582747587448623
Bit_1580,0.0001581466580464519
Bit_581,0.0001581330540106364
Bit_873,0.00015800960403159424
Bit_1383,0.00015791034557051593
Bit_1262,0.0001578076254767427
Bit_1781,0.00015764546896519563
Bit_1277,0.00015716678613466494
Bit_919,0.0001570853700429261
Bit_1356,0.0001569810475392679
Bit_1748,0.00015695297330875363
Bit_1526,0.0001561776796457453
Bit_975,0.00015590001250537778
Bit_1058,0.00015499912229494426
Bit_1275,0.00015480360650420614
Bit_1454,0.00015474981141763166
Bit_639,0.00015468725999397788
Bit_755,0.00015415569720321847
Bit_1545,0.00015379873534145593
Bit_986,0.00015364502685234028
Bit_924,0.00015296789221205668
Bit_1918,0.00015254398043255306
Bit_1345,0.00015249903211823893
Bit_1557,0.00015245771171965288
Bit_1425,0.00015230390629046272
Bit_1189,0.00015210523251897414
Bit_980,0.00015189804691700284
Bit_829,0.00015185116687828438
Bit_1150,0.00015178058996909307
Bit_1997,0.0001516827184138067
Bit_8,0.0001515665518593684
Bit_636,0.00015113534048279186
Bit_1506,0.00015093666955907505
Bit_999,0.00015045691357084878
Bit_1354,0.00015033440975190535
Bit_427,0.00014989740617254665
Bit_727,0.0001498937217644279
Bit_428,0.00014867242639285156
Bit_91,0.0001485036301818686
Bit_312,0.00014841403458181363
Bit_913,0.00014826814201032354
Bit_813,0.00014765217805376755
Bit_529,0.000147286267449507
Bit_259,0.0001471374360210391
Bit_88,0.00014706290645238139
Bit_270,0.00014699189316928621
Bit_1741,0.00014649352897792346
Bit_1802,0.00014645092220039047
Bit_166,0.00014598105241147482
Bit_1317,0.00014570425030532288
Bit_1255,0.00014538188842140657
Bit_1792,0.00014447741714167928
Bit_1685,0.00014427699864455484
Bit_1976,0.00014406822115411484
Bit_349,0.00014315814046227088
Bit_1428,0.00014259256044807598
Bit_1246,0.00014196477991898853
Bit_1756,0.00014196412230039893
Bit_638,0.00014157233719972847
Bit_126,0.00014153355791181451
Bit_1382,0.0001413949688614068
Bit_1187,0.000141271308583605
Bit_78,0.0001408316209787674
Bit_562,0.00014072585728735788
Bit_1790,0.00014070232256886185
Bit_396,0.0001405890505917435
Bit_712,0.00014057721860563532
Bit_399,0.00014054045775381197
Bit_1326,0.00014052156947181907
Bit_761,0.0001391124181546737
Bit_1302,0.00013870251747479862
Bit_371,0.00013854178303560015
Bit_1636,0.00013839920965854537
Bit_774,0.00013837730392796824
Bit_1026,0.00013821017340727147
Bit_306,0.00013781353193065236
Bit_44,0.00013762261158166254
Bit_111,0.00013748417230420592
Bit_538,0.00013742015646387148
Bit_120,0.00013718936365929437
Bit_884,0.00013716298575607562
Bit_897,0.00013704067173217366
Bit_1272,0.00013667386357671965
Bit_1710,0.0001364679591937166
Bit_36,0.00013643478122114697
Bit_1132,0.00013635029648309627
Bit_707,0.00013630543220980804
Bit_21,0.0001360651561695682
Bit_876,0.0001352601834088232
Bit_286,0.00013490073690489566
Bit_822,0.00013487680396598594
Bit_820,0.00013486240397045108
Bit_664,0.00013416348534946894
Bit_902,0.00013414575927937043
Bit_455,0.0001341149458714383
Bit_1144,0.00013406430411710198
Bit_1592,0.00013404503343633306
Bit_742,0.00013361057422407992
Bit_1175,0.00013354203842174222
Bit_769,0.00013295213682612748
Bit_1678,0.0001326650349636676
Bit_1122,0.00013245617856590428
Bit_1100,0.00013220917272829564
Bit_1882,0.00013200049048608527
Bit_1233,0.0001315651231180771
Bit_1374,0.00013149716833325655
Bit_367,0.0001314848144470004
Bit_1687,0.00013066790204401075
Bit_390,0.00013062039482052344
Bit_1050,0.00013060775728814864
Bit_1161,0.00013045349910523394
Bit_2023,0.00013040770242591585
Bit_1528,0.0001300731105890309
Bit_471,0.00012996502575672873
Bit_265,0.00012994895433744678
Bit_1468,0.00012983509179816742
Bit_422,0.00012979140411037594
Bit_1540,0.00012961963302797027
Bit_946,0.00012955961663135366
Bit_1341,0.00012954624239219304
Bit_1755,0.0001295157752638217
Bit_1906,0.00012925011662636777
Bit_59,0.0001292202221593188
Bit_229,0.00012916776669135541
Bit_963,0.00012914928581519977
Bit_1519,0.0001289635785836232
Bit_1266,0.00012874336338936258
Bit_292,0.00012835983556816068
Bit_560,0.00012794567202258322
Bit_1593,0.00012779682372364247
Bit_181,0.000127670867194631
Bit_1900,0.00012744444611654916
Bit_303,0.00012710063021395668
Bit_1364,0.00012681630762175384
Bit_209,0.00012680675150097406
Bit_1278,0.00012662687976629995
Bit_783,0.00012653069437501237
Bit_1361,0.00012652340846588833
Bit_199,0.0001261273619891035
Bit_1373,0.00012572150503413503
Bit_1548,0.0001256775035296024
Bit_1789,0.0001256401989635028
Bit_907,0.0001256186828307822
Bit_32,0.00012541340701975137
Bit_374,0.00012532238165179722
Bit_1353,0.00012527716700404595
Bit_109,0.0001252050932059998
Bit_1146,0.0001249523857721739
Bit_100,0.00012427679423401028
Bit_1098,0.00012329360418642508
Bit_67,0.00012291470416331786
Bit_1038,0.00012264474619085494
Bit_463,0.00012236209750173584
Bit_1569,0.00012200146447131368
Bit_1113,0.00012179197090098385
Bit_1015,0.0001217364254393687
Bit_670,0.00012116584536295696
Bit_834,0.000121106263662638
Bit_1157,0.0001209236893239519
Bit_1185,0.00012055246732547872
Bit_2027,0.00012048004151280494
Bit_1159,0.00012030193054032177
Bit_777,0.00012023459612816699
Bit_1962,0.00011960738656811227
Bit_1333,0.0001194458032645216
Bit_945,0.00011939345708340844
Bit_1813,0.00011927206591310923
Bit_326,0.00011896708729977268
Bit_1654,0.00011885028963068077
Bit_182,0.00011851625779678815
Bit_1712,0.00011768024848112203
Bit_1701,0.00011722437932604093
Bit_1018,0.0001171919994745954
Bit_831,0.00011705965858061636
Bit_542,0.00011644907225369365
Bit_842,0.00011642167131158963
Bit_1331,0.00011629632754306914
Bit_1975,0.00011624874644317092
Bit_1774,0.00011612583909766736
Bit_661,0.00011610577520758514
Bit_1881,0.00011582384411754598
Bit_1797,0.00011564245876597501
Bit_133,0.00011563952791216474
Bit_1412,0.00011558016836515881
Bit_655,0.00011546987989146519
Bit_412,0.00011517819367932681
Bit_1426,0.000115156256487148
Bit_814,0.00011492570129700528
Bit_1834,0.00011468178448332511
Bit_1811,0.00011360555282557812
Bit_770,0.00011341869056529141
Bit_39,0.00011236699272115523
Bit_1247,0.00011201344593253714
Bit_429,0.00011197833779288666
Bit_1932,0.00011177683957156922
Bit_17,0.00011162026826742006
Bit_1153,0.00011148162723717825
Bit_569,0.00011140112208813768
Bit_1551,0.00011136394008832374
Bit_1280,0.00011127565150095242
Bit_730,0.00011126929794007038
Bit_1450,0.00011101467503610815
Bit_122,0.00011100888290955726
Bit_168,0.00011093805966492406
Bit_1064,0.0001108978365841084
Bit_1363,0.00011089120478634707
Bit_1742,0.00011069705791834343
Bit_1501,0.00011061043105600957
Bit_1588,0.00011050836729021863
Bit_1827,0.0001103629693702651
Bit_159,0.00011027487431740891
Bit_139,0.00011010618446787029
Bit_2018,0.00011004246675074991
Bit_1219,0.00010998055714903524
Bit_1106,0.00010931466130869821
Bit_1889,0.00010923793791629671
Bit_241,0.00010907036971157326
Bit_2029,0.00010900453251792696
Bit_1227,0.00010887913023489933
Bit_104,0.00010884691075140856
Bit_1620,0.00010871069143971798
Bit_1059,0.0001079651207201001
Bit_827,0.00010779581068492477
Bit_541,0.0001074877981471286
Bit_765,0.00010737818374129639
Bit_1307,0.00010724023411016705
Bit_982,0.00010717401058547861
Bit_1268,0.00010707177890390549
Bit_1000,0.00010703805790312687
Bit_285,0.00010677102216310941
Bit_895,0.00010658135825031823
Bit_1658,0.00010633256374444309
Bit_1858,0.00010589691607242334
Bit_136,0.00010583334966907329
Bit_1993,0.00010547150735066642
Bit_711,0.00010535144561988508
Bit_1728,0.00010512019174208098
Bit_406,0.00010499416234343106
Bit_1634,0.0001049350360031248
Bit_1846,0.0001049096593595113
Bit_1311,0.000104767904197911
Bit_658,0.00010446743210161434
Bit_2024,0.00010428746065227917
Bit_1622,0.00010426098227415547
Bit_7,0.00010425336944372371
Bit_1076,0.00010401735818050817
Bit_528,0.00010390330322765736
Bit_904,0.00010362344239603354
Bit_821,0.0001033788197827193
Bit_77,0.00010336076724975376
Bit_678,0.00010324182047725464
Bit_344,0.00010311240468130123
Bit_24,0.00010241878442510566
Bit_296,0.00010180691020293125
Bit_1478,0.00010152788181761625
Bit_1080,0.00010136999954582024
Bit_75,0.00010094666463420937
Bit_98,0.00010060497831545865
Bit_795,9.999438138323416e-05
Bit_56,9.983888661608487e-05
Bit_1419,9.962556333532917e-05
Bit_113,9.942899764172413e-05
Bit_370,9.93500507793531e-05
Bit_825,9.895905249711215e-05
Bit_311,9.873257898621229e-05
Bit_915,9.856703964856174e-05
Bit_302,9.774396730303233e-05
Bit_559,9.758704579655729e-05
Bit_1006,9.753456179393646e-05
Bit_262,9.751774433545741e-05
Bit_365,9.71442301500994e-05
Bit_574,9.686852361766803e-05
Bit_1282,9.681208916121782e-05
Bit_662,9.681040550683704e-05
Bit_763,9.676208549364078e-05
Bit_189,9.650898166077957e-05
Bit_149,9.647372918786453e-05
Bit_1730,9.646102600266066e-05
Bit_1449,9.643748214889154e-05
Bit_817,9.579326815637523e-05
Bit_903,9.57887676928887e-05
Bit_1986,9.55892856956387e-05
Bit_1651,9.523311273084709e-05
Bit_402,9.50891641395237e-05
Bit_1614,9.485813044970366e-05
Bit_1807,9.484277425301123e-05
Bit_1494,9.476354982439793e-05
Bit_969,9.460241657528588e-05
Bit_348,9.459981972900694e-05
Bit_1395,9.452314293532759e-05
Bit_274,9.445733469927575e-05
Bit_1504,9.408768678821066e-05
Bit_1105,9.389921796842386e-05
Bit_269,9.367521872564837e-05
Bit_1534,9.31460180099495e-05
Bit_1809,9.254582568155792e-05
Bit_1891,9.241643028988141e-05
Bit_596,9.232978688193138e-05
Bit_347,9.21804655108494e-05
Bit_593,9.198304299061457e-05
Bit_612,9.197721339501802e-05
Bit_1218,9.186736168612203e-05
Bit_1201,9.179698780390441e-05
Bit_1653,9.177895958285361e-05
Bit_1230,9.156663138086425e-05
Bit_1011,9.121584171313859e-05
Bit_1513,9.115579562458259e-05
Bit_2005,9.104565288476419e-05
Bit_1562,8.988699851288304e-05
Bit_1999,8.975916053719676e-05
Bit_886,8.954488040142599e-05
Bit_1086,8.953263175984798e-05
Bit_565,8.950607855170601e-05
Bit_1767,8.949588669735382e-05
Bit_521,8.94766698118873e-05
Bit_1933,8.926058805124523e-05
Bit_1177,8.916401177453366e-05
Bit_805,8.90260130487371e-05
Bit_20,8.878452203471053e-05
Bit_1314,8.828065638167261e-05
Bit_1539,8.82416782531191e-05
Bit_644,8.792517349827954e-05
Bit_641,8.786088466581356e-05
Bit_1288,8.778326385383969e-05
Bit_1020,8.771747252936229e-05
Bit_1914,8.765330153194798e-05
Bit_495,8.760504102632624e-05
Bit_1605,8.730377101206153e-05
Bit_1771,8.725728907070908e-05
Bit_1392,8.698619629293508e-05
Bit_743,8.68501239464769e-05
Bit_1388,8.667176216456837e-05
Bit_1052,8.649231772865514e-05
Bit_836,8.620389782471228e-05
Bit_1217,8.611095279925529e-05
Bit_244,8.591951539436597e-05
Bit_1239,8.545192780358757e-05
Bit_1707,8.530386839887346e-05
Bit_1438,8.484496643851806e-05
Bit_380,8.464769585503869e-05
Bit_1505,8.46180939952229e-05
Bit_1662,8.444538858827897e-05
Bit_1869,8.397688665645255e-05
Bit_1692,8.314952642516701e-05
Bit_1518,8.314373087121235e-05
Bit_1824,8.300695115405839e-05
Bit_1231,8.2668904973076e-05
Bit_803,8.256576824239855e-05
Bit_766,8.229443093626108e-05
Bit_68,8.209064673653242e-05
Bit_567,8.137485403830116e-05
Bit_618,8.111684926016232e-05
Bit_1127,8.062444794105318e-05
Bit_248,8.053866465061709e-05
Bit_38,8.04956766684601e-05
Bit_686,8.02156061274535e-05
Bit_81,7.992924320688872e-05
Bit_483,7.986248031940837e-05
Bit_360,7.928392917821974e-05
Bit_107,7.921400103016e-05
Bit_602,7.913791866432275e-05
Bit_856,7.900011680670099e-05
Bit_141,7.861176462204062e-05
Bit_480,7.826885668487487e-05
Bit_1055,7.820718749121429e-05
Bit_467,7.812949959914154e-05
Bit_937,7.79460958843226e-05
Bit_714,7.7416956528287e-05
Bit_599,7.73300601178768e-05
Bit_1874,7.720359154505567e-05
Bit_1979,7.653121579957347e-05
Bit_247,7.625503813632149e-05
Bit_509,7.617415728622943e-05
Bit_288,7.613833051045067e-05
Bit_391,7.604957742966508e-05
Bit_848,7.567415237282307e-05
Bit_1397,7.560152777698433e-05
Bit_1465,7.531452798288481e-05
Bit_201,7.517645948925467e-05
Bit_1276,7.489337860524137e-05
Bit_997,7.484981740852254e-05
Bit_784,7.472789336052391e-05
Bit_187,7.43330977734845e-05
Bit_1472,7.38052583194091e-05
Bit_635,7.377289623197489e-05
Bit_1446,7.372929440824382e-05
Bit_719,7.324873519042902e-05
Bit_962,7.309861858347876e-05
Bit_1659,7.307960507915491e-05
Bit_1389,7.296101786366199e-05
Bit_1785,7.284895359982931e-05
Bit_308,7.272392079910411e-05
Bit_976,7.271985890324693e-05
Bit_1351,7.218968588485605e-05
Bit_498,7.216077703625211e-05
Bit_403,7.213058505412055e-05
Bit_2040,7.148195443843024e-05
Bit_642,7.145503850952371e-05
Bit_1260,7.077804337880535e-05
Bit_1761,7.072414763099407e-05
Bit_1768,7.071514291746305e-05
Bit_1010,7.066668832485994e-05
Bit_260,7.062448743742858e-05
Bit_218,7.057540103945774e-05
Bit_1709,7.035343736137678e-05
Bit_515,6.998416641794985e-05
Bit_304,6.980225695103199e-05
Bit_676,6.972363225215662e-05
Bit_1156,6.966186975248875e-05
Bit_977,6.930736002770819e-05
Bit_1348,6.930614602965613e-05
Bit_930,6.927457632833987e-05
Bit_363,6.917064328811625e-05
Bit_728,6.914026971051273e-05
Bit_1673,6.88797855115311e-05
Bit_838,6.877216837498301e-05
Bit_1094,6.858208344466874e-05
Bit_327,6.854326118538624e-05
Bit_785,6.846263263288141e-05
Bit_444,6.825954460941227e-05
Bit_1029,6.81269865384161e-05
Bit_1379,6.811562885143781e-05
Bit_891,6.810440883487227e-05
Bit_163,6.79852350613292e-05
Bit_477,6.759503378461644e-05
Bit_1460,6.682862900987536e-05
Bit_1688,6.672055493338575e-05
Bit_28,6.62962596895276e-05
Bit_1092,6.625094530492528e-05
Bit_282,6.618883332553404e-05
Bit_1286,6.564740824080721e-05
Bit_768,6.555312409361563e-05
Bit_452,6.541676088729254e-05
Bit_1514,6.496256981671906e-05
Bit_611,6.4870234865794e-05
Bit_1090,6.478743495110524e-05
Bit_595,6.473149683132669e-05
Bit_1340,6.458981912162897e-05
Bit_1355,6.445877621448044e-05
Bit_485,6.430795111089578e-05
Bit_510,6.414976304094048e-05
Bit_152,6.409371450889309e-05
Bit_246,6.381747216903124e-05
Bit_942,6.362234877783403e-05
Bit_438,6.348546417786e-05
Bit_1770,6.333610044833481e-05
Bit_1818,6.315017081959544e-05
Bit_532,6.300528871383153e-05
Bit_1805,6.266093673463845e-05
Bit_494,6.25588536977062e-05
Bit_1123,6.253979915051863e-05
Bit_1346,6.2531079364192e-05
Bit_1720,6.22009333795066e-05
Bit_1711,6.162882198812656e-05
Bit_1669,6.15685419783088e-05
Bit_200,6.138654140115194e-05
Bit_764,6.0964926682795055e-05
Bit_1223,6.0896407993820065e-05
Bit_851,6.058813171554301e-05
Bit_273,6.044410809483337e-05
Bit_776,6.041128449463155e-05
Bit_395,6.012425368604727e-05
Bit_131,6.011066582230659e-05
Bit_1529,5.965832394845043e-05
Bit_990,5.946762404056424e-05
Bit_1835,5.941657928572441e-05
Bit_555,5.938690144114901e-05
Bit_1729,5.928418132800828e-05
Bit_683,5.9201160646549094e-05
Bit_732,5.890725013600487e-05
Bit_337,5.8682584034262804e-05
Bit_321,5.85569990475486e-05
Bit_720,5.8496067593784326e-05
Bit_317,5.801485291712782e-05
Bit_1461,5.789396848532128e-05
Bit_481,5.7845824264457706e-05
Bit_754,5.782191397519544e-05
Bit_1705,5.77711883561736e-05
Bit_1252,5.7435001205189846e-05
Bit_353,5.737982132842237e-05
Bit_1895,5.67800104365356e-05
Bit_404,5.6612861123641414e-05
Bit_213,5.636454858655271e-05
Bit_1668,5.629120193988134e-05
Bit_1579,5.623006895602185e-05
Bit_1960,5.6130736397299706e-05
Bit_1269,5.587728911997559e-05
Bit_1142,5.579411838928963e-05
Bit_1398,5.544793025265925e-05
Bit_1466,5.540178920361849e-05
Bit_487,5.4912992220882834e-05
Bit_1170,5.4845348147784704e-05
Bit_2047,5.4825968875024356e-05
Bit_453,5.4807377163581514e-05
Bit_1861,5.470669741077691e-05
Bit_1378,5.454972718259261e-05
Bit_1788,5.446662361017897e-05
Bit_425,5.44255925058605e-05
Bit_943,5.440276723272055e-05
Bit_63,5.4262609060052795e-05
Bit_737,5.4220024142896564e-05
Bit_211,5.4203896021226016e-05
Bit_1646,5.411170369491103e-05
Bit_1565,5.409629530014093e-05
Bit_571,5.402449004086914e-05
Bit_1129,5.394122356593006e-05
Bit_1137,5.382149916484496e-05
Bit_445,5.3752985468658015e-05
Bit_527,5.3518038480604816e-05
Bit_1549,5.2320149967936934e-05
Bit_178,5.225779123231073e-05
Bit_601,5.220487888188467e-05
Bit_1909,5.2133077965530276e-05
Bit_1303,5.1849785797493194e-05
Bit_709,5.1752494243458174e-05
Bit_988,5.17419405918171e-05
Bit_2026,5.156520128178173e-05
Bit_442,5.078014123026885e-05
Bit_1541,5.060534208850087e-05
Bit_434,5.04173222666638e-05
Bit_2031,5.013784399834691e-05
Bit_1759,5.007753502264976e-05
Bit_615,4.9687273335995555e-05
Bit_1396,4.9247975147755965e-05
Bit_740,4.9016009596271836e-05
Bit_1667,4.889646632650797e-05
Bit_1490,4.8428375972872225e-05
Bit_1698,4.827933329302757e-05
Bit_628,4.815473427362594e-05
Bit_1554,4.803554500680974e-05
Bit_726,4.803424448378198e-05
Bit_1474,4.781928428436174e-05
Bit_1525,4.76910048986791e-05
Bit_1787,4.766840121988302e-05
Bit_909,4.75569890242313e-05
Bit_1491,4.748954165873318e-05
Bit_137,4.7478706231683535e-05
Bit_1232,4.707727723955631e-05
Bit_1559,4.699969802695006e-05
Bit_1625,4.640201043511142e-05
Bit_517,4.636552930170128e-05
Bit_1091,4.635329950291775e-05
Bit_717,4.6350995698373376e-05
Bit_171,4.594372264706323e-05
Bit_566,4.589971863736589e-05
Bit_797,4.5730309502881946e-05
Bit_300,4.558438132779084e-05
Bit_721,4.50417487127496e-05
Bit_910,4.463280885004188e-05
Bit_1936,4.462842666591126e-05
Bit_1304,4.419448743687102e-05
Bit_1726,4.3945058496398e-05
Bit_549,4.385667999602321e-05
Bit_1652,4.317150691191055e-05
Bit_604,4.24473468226491e-05
Bit_1044,4.2438160018387486e-05
Bit_723,4.230490630736135e-05
Bit_1952,4.223587572116346e-05
Bit_1125,4.213277325061482e-05
Bit_1940,4.208179669618723e-05
Bit_530,4.203209165723865e-05
Bit_1003,4.1810349594658345e-05
Bit_1655,4.148137564937622e-05
Bit_22,4.1461171070955024e-05
Bit_1782,4.139688873459598e-05
Bit_1338,4.136903435987407e-05
Bit_934,4.1276902363941235e-05
Bit_410,4.123761765847384e-05
Bit_23,4.1060728055103404e-05
Bit_1190,4.0762236594717966e-05
Bit_382,4.067137029470846e-05
Bit_1971,4.0608033016184474e-05
Bit_124,4.0585184835520755e-05
Bit_275,4.040649019263873e-05
Bit_1732,4.0362029831808035e-05
Bit_1955,4.0234342543211706e-05
Bit_1571,4.023348202022921e-05
Bit_76,4.0124406223825795e-05
Bit_854,4.007164556505805e-05
Bit_729,4.002807747553195e-05
Bit_71,3.969178650499635e-05
Bit_174,3.966151216117616e-05
Bit_398,3.950301690480536e-05
Bit_1033,3.948480711096409e-05
Bit_1546,3.946412087692217e-05
Bit_1899,3.9372441225144835e-05
Bit_1310,3.896526655644863e-05
Bit_52,3.881882860301782e-05
Bit_93,3.838109376739686e-05
Bit_1258,3.7755382156978785e-05
Bit_1958,3.76236536992153e-05
Bit_1040,3.7433084628603366e-05
Bit_889,3.717525507347294e-05
Bit_518,3.715373680593036e-05
Bit_1079,3.6888429515179476e-05
Bit_1248,3.6814509619683276e-05
Bit_1499,3.667354944460833e-05
Bit_138,3.667115361849054e-05
Bit_129,3.657537744351299e-05
Bit_733,3.614118028452588e-05
Bit_705,3.598367679192611e-05
Bit_1337,3.577961975202464e-05
Bit_1961,3.536413432713648e-05
Bit_899,3.526347398999756e-05
Bit_867,3.521616513265881e-05
Bit_1870,3.50272032283967e-05
Bit_2014,3.4877196915038445e-05
Bit_1769,3.473515874302014e-05
Bit_1251,3.4434661585349915e-05
Bit_1443,3.4379576112289585e-05
Bit_912,3.436645004427058e-05
Bit_994,3.415107811062611e-05
Bit_1644,3.346399673144133e-05
Bit_1723,3.3371950676485846e-05
Bit_1974,3.31926521345429e-05
Bit_734,3.3116581504819136e-05
Bit_1054,3.3084565542828046e-05
Bit_1493,3.277116744345769e-05
Bit_2003,3.2684007824392116e-05
Bit_1967,3.242382639264217e-05
Bit_95,3.2367929107441215e-05
Bit_1587,3.211956638212449e-05
Bit_1408,3.1757227278696956e-05
Bit_175,3.174892776596245e-05
Bit_1521,3.167316702087809e-05
Bit_920,3.166962786509149e-05
Bit_1253,3.164147863049806e-05
Bit_1467,3.159894032806202e-05
Bit_1503,3.155483273872153e-05
Bit_646,3.1455148076669805e-05
Bit_2013,3.139773367077655e-05
Bit_2045,3.13662903464335e-05
Bit_204,3.1302325006565036e-05
Bit_60,2.9801110794003632e-05
Bit_1031,2.9652112920727385e-05
Bit_1394,2.9298658010504025e-05
Bit_1945,2.9254123744814507e-05
Bit_1483,2.8992136133302703e-05
Bit_15,2.8648043156491575e-05
Bit_1400,2.864578010288805e-05
Bit_228,2.8328100206206814e-05
Bit_1301,2.829715473228631e-05
Bit_1486,2.8243395880288177e-05
Bit_1424,2.8213198445922403e-05
Bit_1886,2.8111696162770083e-05
Bit_1315,2.7895557580534146e-05
Bit_287,2.7723461131957707e-05
Bit_1371,2.7304128577674645e-05
Bit_1969,2.714093175430723e-05
Bit_1186,2.71081291371098e-05
Bit_706,2.6912816266979115e-05
Bit_991,2.6905210767629824e-05
Bit_1890,2.628866013271443e-05
Bit_243,2.6285317240044923e-05
Bit_868,2.6230701358297175e-05
Bit_1637,2.6200489268160146e-05
Bit_922,2.619191958662726e-05
Bit_331,2.617221895044424e-05
Bit_420,2.6068420397609284e-05
Bit_995,2.579108498960326e-05
Bit_1590,2.5511206174382007e-05
Bit_254,2.488184576216002e-05
Bit_1206,2.4700029566500826e-05
Bit_877,2.4625373284393537e-05
Bit_72,2.45740462456194e-05
Bit_2046,2.425985741789241e-05
Bit_1875,2.369978952409581e-05
Bit_234,2.3696898046982324e-05
Bit_537,2.359218524145764e-05
Bit_492,2.3321365415590072e-05
Bit_1414,2.3285646015890364e-05
Bit_1014,2.2915045252330715e-05
Bit_1661,2.2800057994351422e-05
Bit_1850,2.277056423151495e-05
Bit_1479,2.2756935463298912e-05
Bit_1370,2.2756820664357255e-05
Bit_179,2.252835687929168e-05
Bit_704,2.191301458778442e-05
Bit_272,2.1836369963563635e-05
Bit_1883,2.148293513730681e-05
Bit_411,2.145635968164055e-05
Bit_465,2.1245196497967516e-05
Bit_161,2.1232801627546457e-05
Bit_520,2.0967486378924164e-05
Bit_1319,2.0746179440653926e-05
Bit_516,2.0718062200654438e-05
Bit_1903,2.0577545866396107e-05
Bit_1115,2.041012950103417e-05
Bit_572,2.0401981238465748e-05
Bit_1002,2.039319983567695e-05
Bit_1766,2.0276674332261146e-05
Bit_26,1.995146110206549e-05
Bit_264,1.9670344393291442e-05
Bit_1666,1.9651487778852325e-05
Bit_1151,1.959485723288001e-05
Bit_330,1.953527922280637e-05
Bit_393,1.9190775604902468e-05
Bit_958,1.9138868277286925e-05
Bit_1700,1.8847500415044232e-05
Bit_1686,1.8143143774952985e-05
Bit_103,1.8131351850880527e-05
Bit_594,1.791790018649567e-05
Bit_499,1.7866319671218243e-05
Bit_1643,1.7737558469985192e-05
Bit_669,1.772220492088401e-05
Bit_1329,1.7678186156571338e-05
Bit_1817,1.7647594979531798e-05
Bit_1053,1.7219615726373376e-05
Bit_1235,1.7210224020746777e-05
Bit_830,1.7178782263190528e-05
Bit_96,1.6627558909676897e-05
Bit_791,1.66185093056386e-05
Bit_1793,1.636315063704152e-05
Bit_1983,1.6217983458672484e-05
Bit_1001,1.6173935593930927e-05
Bit_923,1.602827750022664e-05
Bit_1814,1.569826574194279e-05
Bit_183,1.5382150215458815e-05
Bit_863,1.5245849421597103e-05
Bit_320,1.4989020766617814e-05
Bit_1836,1.4699558337812739e-05
Bit_1081,1.4654759046609333e-05
Bit_1925,1.4559502335806094e-05
Bit_671,1.4545481223126911e-05
Bit_1411,1.436612605801007e-05
Bit_1860,1.427173973130569e-05
Bit_1418,1.4150134790691099e-05
Bit_1046,1.414381810483608e-05
Bit_225,1.3974746937864921e-05
Bit_578,1.3848014134394427e-05
Bit_1772,1.3822665613198814e-05
Bit_933,1.3813540786824287e-05
Bit_1377,1.3764940063596328e-05
Bit_30,1.31699699462187e-05
Bit_142,1.316876558455322e-05
Bit_377,1.3028707249819883e-05
Bit_1191,1.273944774004453e-05
Bit_956,1.2567896801812316e-05
Bit_359,1.2555852408092713e-05
Bit_449,1.2299275542026562e-05
Bit_663,1.2257566036567044e-05
Bit_99,1.2132612584875207e-05
Bit_1566,1.2025553759063687e-05
Bit_1621,1.1941322675281412e-05
Bit_1263,1.1907684021078727e-05
Bit_266,1.1607719656667802e-05
Bit_1198,1.152331990848468e-05
Bit_219,1.1477669045918095e-05
Bit_605,1.1395268375074517e-05
Bit_1606,1.1361293215794162e-05
Bit_346,1.1183440494439567e-05
Bit_297,1.1061463754546237e-05
Bit_2037,1.1040107957068635e-05
Bit_50,1.103485738862579e-05
Bit_812,1.095382397444297e-05
Bit_788,1.0601569816193708e-05
Bit_51,1.0238527359581931e-05
Bit_1068,1.0135046255003207e-05
Bit_66,9.490192896690195e-06
Bit_1116,9.358062430451026e-06
Bit_375,9.261437579993863e-06
Bit_1904,9.124691977173586e-06
Bit_1751,8.960992148771983e-06
Bit_631,8.925664498104657e-06
Bit_1196,8.919982163417978e-06
Bit_1963,8.635553100695933e-06
Bit_1007,8.540414433360022e-06
Bit_1953,8.359102141677043e-06
Bit_1169,8.345167439758067e-06
Bit_1180,8.104589645415306e-06
Bit_1572,8.062307856493043e-06
Bit_1254,8.055697151447473e-06
Bit_1216,7.926450986469291e-06
Bit_215,7.873062364725098e-06
Bit_1699,7.812429685726872e-06
Bit_1442,7.783143305013796e-06
Bit_1947,7.609725115672629e-06
Bit_1320,7.4198345407964024e-06
Bit_1553,7.419637223142395e-06
Bit_778,7.082869778457301e-06
Bit_1183,6.830004243997272e-06
Bit_508,6.494371591637705e-06
Bit_86,6.3812596164846894e-06
Bit_793,6.363653367594936e-06
Bit_1619,6.15869136777788e-06
Bit_388,5.970739909489675e-06
Bit_1300,5.964970658669523e-06
Bit_1352,5.766819770906745e-06
Bit_543,5.7663611257260985e-06
Bit_1702,5.601320020737897e-06
Bit_1502,5.51306730914568e-06
Bit_938,5.452522034895049e-06
Bit_948,5.424013040677823e-06
Bit_1012,5.258268256522462e-06
Bit_1067,5.0233926416565445e-06
Bit_1965,4.814649035421333e-06
Bit_2025,4.7476558788817305e-06
Bit_423,4.719905346401931e-06
Bit_681,4.615606583045885e-06
Bit_1322,4.581957597330587e-06
Bit_1244,4.3187569469581285e-06
Bit_1368,4.1422041494604205e-06
Bit_1192,4.1031809060374456e-06
Bit_1577,3.9205540223747186e-06
Bit_1202,3.834970609861127e-06
Bit_1987,3.807940121660912e-06
Bit_112,3.6998219523553965e-06
Bit_1838,3.5833520658284494e-06
Bit_1703,3.4113094408107797e-06
Bit_279,3.289911842555299e-06
Bit_1041,3.283283913372797e-06
Bit_951,3.1947308059327717e-06
Bit_290,3.0668767915986643e-06
Bit_779,2.8932375688556837e-06
Bit_3,2.877251752481275e-06
Bit_700,2.829793497468456e-06
Bit_789,2.728211633216462e-06
Bit_1051,2.6822570987195292e-06
Bit_853,2.6788434286915347e-06
Bit_1801,2.4939886313458056e-06
Bit_688,2.0070233639970354e-06
Bit_1406,1.7553480039608989e-06
Bit_1706,1.5451369800605585e-06
Bit_1062,1.5079869811350781e-06
Bit_627,1.504876709715383e-06
Bit_6,1.388870420007959e-06
Bit_1271,1.0340089376590682e-06
Bit_154,9.49073945888006e-07
Bit_1492,9.125942965635846e-07
Bit_1439,7.916169906855002e-07
Bit_1220,5.878343123479343e-07
Bit_620,5.554690411792419e-07
Bit_1188,4.2650781039608856e-07
Bit_421,3.401511828623167e-07
