Bit,Importance,Molecule_Index,Drug_ID,SMILES,Atom_Index,Radius
1104,0.0121350031847197,113,PNU200001,N=C(N)c1ccc2[nH]c(Cc3nc4ccccc4[nH]3)nc2c1,0,1
1104,0.0121350031847197,115,PNU200648,Cc1ccnc2nc(Cc3nc4cc(C(=N)N)ccc4[nH]3)[nH]c12,15,1
1104,0.0121350031847197,116,PNU200969,CCOC(=O)NC(=N)c1ccc2[nH]c(Cc3nc4ccccc4[nH]3)nc2c1,7,1
1104,0.0121350031847197,121,propranolol ester,CC(C)NC[C@H](COc1cccc2ccccc12)OC(=O)C1CC1,12,2
1104,0.0121350031847197,163,2,CN(C(=O)[C@H](Cc1ccc(C(=N)N)cc1)NS(=O)(=O)c1ccc2ccccc2c1)C1CCCC1,11,1
1921,0.0111154905429773,5,dexamethasone b D glucoside,C[C@@H]1C[C@H]2[C@@H]3CCC4=CC(=O)C=C[C@]4(C)[C@@]3(F)[C@@H](O)C[C@]2(C)[C@@]1(O)C(=O)CO[C@H]1O[C@@H](CO)[C@H](O)[C@@H](O)[C@@H]1O,29,1
1921,0.0111154905429773,6,dexamethasone b D glucuronide,C[C@@H]1C[C@H]2[C@@H]3CCC4=CC(=O)C=C[C@]4(C)[C@@]3(F)[C@@H](O)C[C@]2(C)[C@@]1(O)C(=O)CO[C@H]1O[C@@H](C(=O)O)[C@H](O)[C@@H](O)[C@@H]1O,29,1
1921,0.0111154905429773,7,DMXAA-G,Cc1ccc2c(=O)c3cccc(CC(=O)OC4OC(C(=O)O)[C@@H](O)[C@@H](O)[C@@H]4O)c3oc2c1C,17,1
1921,0.0111154905429773,9,echinacoside,C[C@@H]1O[C@@H](O[C@@H]2[C@@H](O)[C@H](OCCc3ccc(O)c(O)c3)O[C@H](CO[C@@H]3O[C@H](CO)[C@@H](O)[C@H](O)[C@H]3O)[C@H]2OC(=O)/C=C/c2ccc(O)c(O)c2)[C@H](O)[C@H](O)[C@H]1O,2,1
1921,0.0111154905429773,9,echinacoside,C[C@@H]1O[C@@H](O[C@@H]2[C@@H](O)[C@H](OCCc3ccc(O)c(O)c3)O[C@H](CO[C@@H]3O[C@H](CO)[C@@H](O)[C@H](O)[C@H]3O)[C@H]2OC(=O)/C=C/c2ccc(O)c(O)c2)[C@H](O)[C@H](O)[C@H]1O,20,1
1037,0.0106055523344056,5,dexamethasone b D glucoside,C[C@@H]1C[C@H]2[C@@H]3CCC4=CC(=O)C=C[C@]4(C)[C@@]3(F)[C@@H](O)C[C@]2(C)[C@@]1(O)C(=O)CO[C@H]1O[C@@H](CO)[C@H](O)[C@@H](O)[C@@H]1O,35,2
1037,0.0106055523344056,6,dexamethasone b D glucuronide,C[C@@H]1C[C@H]2[C@@H]3CCC4=CC(=O)C=C[C@]4(C)[C@@]3(F)[C@@H](O)C[C@]2(C)[C@@]1(O)C(=O)CO[C@H]1O[C@@H](C(=O)O)[C@H](O)[C@@H](O)[C@@H]1O,36,2
1037,0.0106055523344056,7,DMXAA-G,Cc1ccc2c(=O)c3cccc(CC(=O)OC4OC(C(=O)O)[C@@H](O)[C@@H](O)[C@@H]4O)c3oc2c1C,24,2
1037,0.0106055523344056,9,echinacoside,C[C@@H]1O[C@@H](O[C@@H]2[C@@H](O)[C@H](OCCc3ccc(O)c(O)c3)O[C@H](CO[C@@H]3O[C@H](CO)[C@@H](O)[C@H](O)[C@H]3O)[C@H]2OC(=O)/C=C/c2ccc(O)c(O)c2)[C@H](O)[C@H](O)[C@H]1O,51,2
1037,0.0106055523344056,9,echinacoside,C[C@@H]1O[C@@H](O[C@@H]2[C@@H](O)[C@H](OCCc3ccc(O)c(O)c3)O[C@H](CO[C@@H]3O[C@H](CO)[C@@H](O)[C@H](O)[C@H]3O)[C@H]2OC(=O)/C=C/c2ccc(O)c(O)c2)[C@H](O)[C@H](O)[C@H]1O,31,2
1844,0.0104842500536767,5,dexamethasone b D glucoside,C[C@@H]1C[C@H]2[C@@H]3CCC4=CC(=O)C=C[C@]4(C)[C@@]3(F)[C@@H](O)C[C@]2(C)[C@@]1(O)C(=O)CO[C@H]1O[C@@H](CO)[C@H](O)[C@@H](O)[C@@H]1O,33,2
1844,0.0104842500536767,9,echinacoside,C[C@@H]1O[C@@H](O[C@@H]2[C@@H](O)[C@H](OCCc3ccc(O)c(O)c3)O[C@H](CO[C@@H]3O[C@H](CO)[C@@H](O)[C@H](O)[C@H]3O)[C@H]2OC(=O)/C=C/c2ccc(O)c(O)c2)[C@H](O)[C@H](O)[C@H]1O,29,2
1844,0.0104842500536767,81,alminoprofen,C=C(C)CNc1ccc(C(C)C(=O)O)cc1,11,1
1844,0.0104842500536767,84,isoquercitrin ,O=c1c(OC2C(O)OC(CO)C(O)C2O)c(-c2ccc(O)c(O)c2)oc2cc(O)cc(O)c12,11,2
1844,0.0104842500536767,88,Liquiritin apioside ,O=c1cc(-c2ccc(O)cc2)oc2cc(O[C@@H]3O[C@H](CO)[C@@H](O)[C@H](O)[C@H]3O[C@@H]3OC[C@](O)(CO)[C@H]3O)cc(O)c12,21,2
1171,0.0097780083358094,2,codeine,COc1ccc2c3c1O[C@H]1[C@@H](O)C=C[C@H]4[C@@H](C2)N(C)CC[C@]314,20,2
1171,0.0097780083358094,29,famotidine,NC(N)=Nc1nc(CSCCC(N)=NS(N)(=O)=O)cs1,0,0
1171,0.0097780083358094,29,famotidine,NC(N)=Nc1nc(CSCCC(N)=NS(N)(=O)=O)cs1,2,0
1171,0.0097780083358094,29,famotidine,NC(N)=Nc1nc(CSCCC(N)=NS(N)(=O)=O)cs1,12,0
1171,0.0097780083358094,29,famotidine,NC(N)=Nc1nc(CSCCC(N)=NS(N)(=O)=O)cs1,15,0
623,0.0092690427550542,3,creatinine,CN1CC(=O)NC1=N,7,0
623,0.0092690427550542,98,metolazone,Cc1ccccc1N1C(=O)c2cc(S(N)(=O)=O)c(Cl)cc2NC1C,6,2
623,0.0092690427550542,107,neolignan smi05,C=CCc1cc(OC)c(OC(C)Cc2cc(OC)c(OC)c(OC)c2)c(OC)c1,2,1
623,0.0092690427550542,109,neolignan smi08,C=CCc1cc(OC)c(OC(C)C(O)c2cc(OC)c(OC)c(OC)c2)c(OC)c1,2,1
623,0.0092690427550542,110,neolignan smi09,C=CCc1cc(OC)c(OC(C)C(O)c2ccc(O)c(OC)c2)c(OC)c1,2,1
82,0.0082014903618278,113,PNU200001,N=C(N)c1ccc2[nH]c(Cc3nc4ccccc4[nH]3)nc2c1,1,2
82,0.0082014903618278,115,PNU200648,Cc1ccnc2nc(Cc3nc4cc(C(=N)N)ccc4[nH]3)[nH]c12,14,2
82,0.0082014903618278,163,2,CN(C(=O)[C@H](Cc1ccc(C(=N)N)cc1)NS(=O)(=O)c1ccc2ccccc2c1)C1CCCC1,10,2
82,0.0082014903618278,263,Digoxin,C[C@H]1O[C@@H](O[C@H]2[C@@H](O)C[C@H](O[C@H]3[C@@H](O)C[C@H](O[C@H]4CC[C@@]5(C)[C@H]6C[C@@H](O)[C@]7(C)C(C8=CC(=O)OC8)CC[C@]7(O)[C@@H]6CC[C@@H]5C4)O[C@@H]3C)O[C@@H]2C)C[C@H](O)[C@@H]1O,37,2
82,0.0082014903618278,354,1,CC1CCN(C(=O)CC(Cc2cccc(C(=N)N)c2)NS(=O)(=O)c2ccc3ccccc3c2)CC1,15,2
489,0.0078128956526083,5,dexamethasone b D glucoside,C[C@@H]1C[C@H]2[C@@H]3CCC4=CC(=O)C=C[C@]4(C)[C@@]3(F)[C@@H](O)C[C@]2(C)[C@@]1(O)C(=O)CO[C@H]1O[C@@H](CO)[C@H](O)[C@@H](O)[C@@H]1O,37,2
489,0.0078128956526083,6,dexamethasone b D glucuronide,C[C@@H]1C[C@H]2[C@@H]3CCC4=CC(=O)C=C[C@]4(C)[C@@]3(F)[C@@H](O)C[C@]2(C)[C@@]1(O)C(=O)CO[C@H]1O[C@@H](C(=O)O)[C@H](O)[C@@H](O)[C@@H]1O,38,2
489,0.0078128956526083,7,DMXAA-G,Cc1ccc2c(=O)c3cccc(CC(=O)OC4OC(C(=O)O)[C@@H](O)[C@@H](O)[C@@H]4O)c3oc2c1C,26,2
489,0.0078128956526083,9,echinacoside,C[C@@H]1O[C@@H](O[C@@H]2[C@@H](O)[C@H](OCCc3ccc(O)c(O)c3)O[C@H](CO[C@@H]3O[C@H](CO)[C@@H](O)[C@H](O)[C@H]3O)[C@H]2OC(=O)/C=C/c2ccc(O)c(O)c2)[C@H](O)[C@H](O)[C@H]1O,49,2
489,0.0078128956526083,9,echinacoside,C[C@@H]1O[C@@H](O[C@@H]2[C@@H](O)[C@H](OCCc3ccc(O)c(O)c3)O[C@H](CO[C@@H]3O[C@H](CO)[C@@H](O)[C@H](O)[C@H]3O)[C@H]2OC(=O)/C=C/c2ccc(O)c(O)c2)[C@H](O)[C@H](O)[C@H]1O,33,2
1607,0.0076059428502701,0,(-)-epicatechin,Oc1cc(O)c2c(c1)OC(c1ccc(O)c(O)c1)C(O)C2,3,1
1607,0.0076059428502701,0,(-)-epicatechin,Oc1cc(O)c2c(c1)OC(c1ccc(O)c(O)c1)C(O)C2,13,1
1607,0.0076059428502701,0,(-)-epicatechin,Oc1cc(O)c2c(c1)OC(c1ccc(O)c(O)c1)C(O)C2,15,1
1607,0.0076059428502701,9,echinacoside,C[C@@H]1O[C@@H](O[C@@H]2[C@@H](O)[C@H](OCCc3ccc(O)c(O)c3)O[C@H](CO[C@@H]3O[C@H](CO)[C@@H](O)[C@H](O)[C@H]3O)[C@H]2OC(=O)/C=C/c2ccc(O)c(O)c2)[C@H](O)[C@H](O)[C@H]1O,15,1
1607,0.0076059428502701,9,echinacoside,C[C@@H]1O[C@@H](O[C@@H]2[C@@H](O)[C@H](OCCc3ccc(O)c(O)c3)O[C@H](CO[C@@H]3O[C@H](CO)[C@@H](O)[C@H](O)[C@H]3O)[C@H]2OC(=O)/C=C/c2ccc(O)c(O)c2)[C@H](O)[C@H](O)[C@H]1O,17,1
1019,0.0069428140178354,0,(-)-epicatechin,Oc1cc(O)c2c(c1)OC(c1ccc(O)c(O)c1)C(O)C2,9,0
1019,0.0069428140178354,0,(-)-epicatechin,Oc1cc(O)c2c(c1)OC(c1ccc(O)c(O)c1)C(O)C2,18,0
1019,0.0069428140178354,2,codeine,COc1ccc2c3c1O[C@H]1[C@@H](O)C=C[C@H]4[C@@H](C2)N(C)CC[C@]314,9,0
1019,0.0069428140178354,2,codeine,COc1ccc2c3c1O[C@H]1[C@@H](O)C=C[C@H]4[C@@H](C2)N(C)CC[C@]314,10,0
1019,0.0069428140178354,2,codeine,COc1ccc2c3c1O[C@H]1[C@@H](O)C=C[C@H]4[C@@H](C2)N(C)CC[C@]314,14,0
1290,0.0068134295590671,24,elarofiban,O=C(O)C[C@H](NC(=O)[C@@H]1CCCN(C(=O)CCC2CCNCC2)C1)c1cccnc1,3,1
1290,0.0068134295590671,117,pravastatin,CC[C@H](C)C(=O)O[C@H]1C[C@H](O)C=C2C=C[C@H](C)[C@H](CC[C@@H](O)C[C@@H](O)CC(=O)O)[C@H]21,25,1
1290,0.0068134295590671,216,808-Asn-Ala-NH2,CC(NC(=O)C(N)CC(N)=O)C(N)=O,7,1
1290,0.0068134295590671,230,403-Atorvastatin,CC(C)c1c(C(=O)Nc2ccccc2)c(-c2ccccc2)c(-c2ccc(F)cc2)n1CC[C@H](O)C[C@H](O)CC(=O)O,37,1
1290,0.0068134295590671,240,Atorvastatin,CC(C)c1c(C(=O)Nc2ccccc2)c(-c2ccccc2)c(-c2ccc(F)cc2)n1CC[C@@H](O)C[C@@H](O)CC(=O)O,37,1
1754,0.0066871559403705,9,echinacoside,C[C@@H]1O[C@@H](O[C@@H]2[C@@H](O)[C@H](OCCc3ccc(O)c(O)c3)O[C@H](CO[C@@H]3O[C@H](CO)[C@@H](O)[C@H](O)[C@H]3O)[C@H]2OC(=O)/C=C/c2ccc(O)c(O)c2)[C@H](O)[C@H](O)[C@H]1O,12,1
1754,0.0066871559403705,89,lisinopril,NCCCC[C@H](N[C@@H](CCc1ccccc1)C(=O)O)C(=O)N1CCC[C@H]1C(=O)O,10,1
1754,0.0066871559403705,104,N-carbobenzoxy-tryptophan,O=C(NC(Cc1c[nH]c2ccccc12)C(=O)O)OCc1ccccc1,19,1
1754,0.0066871559403705,107,neolignan smi05,C=CCc1cc(OC)c(OC(C)Cc2cc(OC)c(OC)c(OC)c2)c(OC)c1,3,1
1754,0.0066871559403705,107,neolignan smi05,C=CCc1cc(OC)c(OC(C)Cc2cc(OC)c(OC)c(OC)c2)c(OC)c1,13,1
1977,0.0066617985116747,5,dexamethasone b D glucoside,C[C@@H]1C[C@H]2[C@@H]3CCC4=CC(=O)C=C[C@]4(C)[C@@]3(F)[C@@H](O)C[C@]2(C)[C@@]1(O)C(=O)CO[C@H]1O[C@@H](CO)[C@H](O)[C@@H](O)[C@@H]1O,29,2
1977,0.0066617985116747,9,echinacoside,C[C@@H]1O[C@@H](O[C@@H]2[C@@H](O)[C@H](OCCc3ccc(O)c(O)c3)O[C@H](CO[C@@H]3O[C@H](CO)[C@@H](O)[C@H](O)[C@H]3O)[C@H]2OC(=O)/C=C/c2ccc(O)c(O)c2)[C@H](O)[C@H](O)[C@H]1O,20,2
1977,0.0066617985116747,9,echinacoside,C[C@@H]1O[C@@H](O[C@@H]2[C@@H](O)[C@H](OCCc3ccc(O)c(O)c3)O[C@H](CO[C@@H]3O[C@H](CO)[C@@H](O)[C@H](O)[C@H]3O)[C@H]2OC(=O)/C=C/c2ccc(O)c(O)c2)[C@H](O)[C@H](O)[C@H]1O,25,2
1977,0.0066617985116747,30,fexofenadine,CC(C)(C(=O)O)c1ccc(C(O)CCCN2CCC(C(O)(c3ccccc3)c3ccccc3)CC2)cc1,3,1
1977,0.0066617985116747,31,fexofenadine hydrochloride,CC(C)(C(=O)O)c1ccc(C(O)CCCN2CCC(C(O)(c3ccccc3)c3ccccc3)CC2)cc1.Cl,3,1
610,0.0065019774535098,5,dexamethasone b D glucoside,C[C@@H]1C[C@H]2[C@@H]3CCC4=CC(=O)C=C[C@]4(C)[C@@]3(F)[C@@H](O)C[C@]2(C)[C@@]1(O)C(=O)CO[C@H]1O[C@@H](CO)[C@H](O)[C@@H](O)[C@@H]1O,30,1
610,0.0065019774535098,9,echinacoside,C[C@@H]1O[C@@H](O[C@@H]2[C@@H](O)[C@H](OCCc3ccc(O)c(O)c3)O[C@H](CO[C@@H]3O[C@H](CO)[C@@H](O)[C@H](O)[C@H]3O)[C@H]2OC(=O)/C=C/c2ccc(O)c(O)c2)[C@H](O)[C@H](O)[C@H]1O,26,1
610,0.0065019774535098,9,echinacoside,C[C@@H]1O[C@@H](O[C@@H]2[C@@H](O)[C@H](OCCc3ccc(O)c(O)c3)O[C@H](CO[C@@H]3O[C@H](CO)[C@@H](O)[C@H](O)[C@H]3O)[C@H]2OC(=O)/C=C/c2ccc(O)c(O)c2)[C@H](O)[C@H](O)[C@H]1O,21,1
610,0.0065019774535098,84,isoquercitrin ,O=c1c(OC2C(O)OC(CO)C(O)C2O)c(-c2ccc(O)c(O)c2)oc2cc(O)cc(O)c12,8,1
610,0.0065019774535098,88,Liquiritin apioside ,O=c1cc(-c2ccc(O)cc2)oc2cc(O[C@@H]3O[C@H](CO)[C@@H](O)[C@H](O)[C@H]3O[C@@H]3OC[C@](O)(CO)[C@H]3O)cc(O)c12,18,1
1066,0.0064644261946864,89,lisinopril,NCCCC[C@H](N[C@@H](CCc1ccccc1)C(=O)O)C(=O)N1CCC[C@H]1C(=O)O,11,2
1066,0.0064644261946864,89,lisinopril,NCCCC[C@H](N[C@@H](CCc1ccccc1)C(=O)O)C(=O)N1CCC[C@H]1C(=O)O,15,2
1066,0.0064644261946864,104,N-carbobenzoxy-tryptophan,O=C(NC(Cc1c[nH]c2ccccc12)C(=O)O)OCc1ccccc1,20,2
1066,0.0064644261946864,104,N-carbobenzoxy-tryptophan,O=C(NC(Cc1c[nH]c2ccccc12)C(=O)O)OCc1ccccc1,24,2
1066,0.0064644261946864,118,prazosin,COc1cc2nc(N3CCN(C(=O)c4ccco4)CC3)nc(N)c2cc1OC,14,2
1487,0.0063312730146363,5,dexamethasone b D glucoside,C[C@@H]1C[C@H]2[C@@H]3CCC4=CC(=O)C=C[C@]4(C)[C@@]3(F)[C@@H](O)C[C@]2(C)[C@@]1(O)C(=O)CO[C@H]1O[C@@H](CO)[C@H](O)[C@@H](O)[C@@H]1O,33,1
1487,0.0063312730146363,5,dexamethasone b D glucoside,C[C@@H]1C[C@H]2[C@@H]3CCC4=CC(=O)C=C[C@]4(C)[C@@]3(F)[C@@H](O)C[C@]2(C)[C@@]1(O)C(=O)CO[C@H]1O[C@@H](CO)[C@H](O)[C@@H](O)[C@@H]1O,35,1
1487,0.0063312730146363,5,dexamethasone b D glucoside,C[C@@H]1C[C@H]2[C@@H]3CCC4=CC(=O)C=C[C@]4(C)[C@@]3(F)[C@@H](O)C[C@]2(C)[C@@]1(O)C(=O)CO[C@H]1O[C@@H](CO)[C@H](O)[C@@H](O)[C@@H]1O,37,1
1487,0.0063312730146363,6,dexamethasone b D glucuronide,C[C@@H]1C[C@H]2[C@@H]3CCC4=CC(=O)C=C[C@]4(C)[C@@]3(F)[C@@H](O)C[C@]2(C)[C@@]1(O)C(=O)CO[C@H]1O[C@@H](C(=O)O)[C@H](O)[C@@H](O)[C@@H]1O,34,1
1487,0.0063312730146363,6,dexamethasone b D glucuronide,C[C@@H]1C[C@H]2[C@@H]3CCC4=CC(=O)C=C[C@]4(C)[C@@]3(F)[C@@H](O)C[C@]2(C)[C@@]1(O)C(=O)CO[C@H]1O[C@@H](C(=O)O)[C@H](O)[C@@H](O)[C@@H]1O,36,1
80,0.0063023460248859,1,"(2E,4Z,8Z)-N-isobutyldodeca-2,4,10-triene-8 -ynamide",C/C=C\C#CCC/C=C\C=C\C(=O)NCC(C)C,5,0
80,0.0063023460248859,1,"(2E,4Z,8Z)-N-isobutyldodeca-2,4,10-triene-8 -ynamide",C/C=C\C#CCC/C=C\C=C\C(=O)NCC(C)C,6,0
80,0.0063023460248859,1,"(2E,4Z,8Z)-N-isobutyldodeca-2,4,10-triene-8 -ynamide",C/C=C\C#CCC/C=C\C=C\C(=O)NCC(C)C,14,0
80,0.0063023460248859,5,dexamethasone b D glucoside,C[C@@H]1C[C@H]2[C@@H]3CCC4=CC(=O)C=C[C@]4(C)[C@@]3(F)[C@@H](O)C[C@]2(C)[C@@]1(O)C(=O)CO[C@H]1O[C@@H](CO)[C@H](O)[C@@H](O)[C@@H]1O,26,0
80,0.0063023460248859,5,dexamethasone b D glucoside,C[C@@H]1C[C@H]2[C@@H]3CCC4=CC(=O)C=C[C@]4(C)[C@@]3(F)[C@@H](O)C[C@]2(C)[C@@]1(O)C(=O)CO[C@H]1O[C@@H](CO)[C@H](O)[C@@H](O)[C@@H]1O,31,0
550,0.0062348890452598,9,echinacoside,C[C@@H]1O[C@@H](O[C@@H]2[C@@H](O)[C@H](OCCc3ccc(O)c(O)c3)O[C@H](CO[C@@H]3O[C@H](CO)[C@@H](O)[C@H](O)[C@H]3O)[C@H]2OC(=O)/C=C/c2ccc(O)c(O)c2)[C@H](O)[C@H](O)[C@H]1O,1,2
550,0.0062348890452598,134,tenidap,NC(=O)N1C(=O)C(C(=O)c2cccs2)c2cc(Cl)ccc21,20,2
550,0.0062348890452598,263,Digoxin,C[C@H]1O[C@@H](O[C@H]2[C@@H](O)C[C@H](O[C@H]3[C@@H](O)C[C@H](O[C@H]4CC[C@@]5(C)[C@H]6C[C@@H](O)[C@]7(C)C(C8=CC(=O)OC8)CC[C@]7(O)[C@@H]6CC[C@@H]5C4)O[C@@H]3C)O[C@@H]2C)C[C@H](O)[C@@H]1O,1,2
550,0.0062348890452598,304,Ouabain,C[C@@H]1O[C@@H](O[C@H]2C[C@@H](O)[C@@]3(CO)[C@H]4[C@H](O)C[C@]5(C)[C@@H](C6=CC(=O)OC6)CC[C@]5(O)[C@@H]4CC[C@]3(O)C2)[C@H](O)[C@H](O)[C@H]1O,1,2
550,0.0062348890452598,354,1,CC1CCN(C(=O)CC(Cc2cccc(C(=N)N)c2)NS(=O)(=O)c2ccc3ccccc3c2)CC1,8,2
389,0.0061964996161679,6,dexamethasone b D glucuronide,C[C@@H]1C[C@H]2[C@@H]3CCC4=CC(=O)C=C[C@]4(C)[C@@]3(F)[C@@H](O)C[C@]2(C)[C@@]1(O)C(=O)CO[C@H]1O[C@@H](C(=O)O)[C@H](O)[C@@H](O)[C@@H]1O,33,1
389,0.0061964996161679,7,DMXAA-G,Cc1ccc2c(=O)c3cccc(CC(=O)OC4OC(C(=O)O)[C@@H](O)[C@@H](O)[C@@H]4O)c3oc2c1C,21,1
389,0.0061964996161679,10,EF5154,O=C(O)COc1ccc(C(=O)CN2CCN(C3CCNCC3)CC2=O)cc1,2,1
389,0.0061964996161679,24,elarofiban,O=C(O)C[C@H](NC(=O)[C@@H]1CCCN(C(=O)CCC2CCNCC2)C1)c1cccnc1,2,1
389,0.0061964996161679,25,5-chlorosalicylic acid,O=C(O)c1cc(Cl)ccc1O,2,1
786,0.0059821608765136,33,AACV,C=C1NC(N)=Nc2c1ncn2COCCOC(=O)[C@@H](C)N,20,1
786,0.0059821608765136,80,IACV,C=C1NC(N)=Nc2c1ncn2COCCOC(=O)[C@H](N)[C@H](C)CC,19,1
786,0.0059821608765136,90,loracarbef,N[C@@H](C(=O)N[C@@H]1C(=O)N2C(C(=O)O)=C(Cl)CC[C@H]12)c1ccccc1.O,0,1
786,0.0059821608765136,99,amoxicillin,CC1(C)S[C@@H]2[C@H](NC(=O)[C@H](N)c3ccc(O)cc3)C(=O)N2[C@H]1C(=O)O,10,1
786,0.0059821608765136,108,ampicillin,CC1(C)S[C@@H]2[C@H](NC(=O)[C@H](N)c3ccccc3)C(=O)N2[C@H]1C(=O)O,10,1
