Drug_ID,Experimental_Y,OOF_Predicted_Y,Residual
(-)-epicatechin,-6.2199998,-6.240818830960342,0.02081903096034221
"(2E,4Z,8Z)-N-isobutyldodeca-2,4,10-triene-8 -ynamide",-3.8599999,-4.172055431277778,0.3120555312777782
codeine,-4.0900002,-4.435966553527768,0.3459663535277677
creatinine,-5.935409099999998,-4.822050348555553,-1.1133587514444452
danazol,-4.8400002,-4.637257077488895,-0.20274312251110516
dexamethasone b D glucoside,-6.54,-6.3156464126666965,-0.22435358733330357
dexamethasone b D glucuronide,-6.119999900000002,-6.161330479711112,0.04133057971111054
DMXAA-G,-6.52,-5.8497395800463075,-0.6702604199536921
d-praeruptorin,-4.579999900000002,-4.891869775611108,0.311869875611106
echinacoside,-6.650000099999999,-6.555573397733337,-0.09442670226666205
EF5154,-6.119999900000002,-5.1777018357222175,-0.9422980642777841
EF5170,-5.79,-4.918699345211107,-0.8713006547888931
EF5232,-5.29,-4.9792437346666665,-0.31075626533333356
EF5242,-4.7399998,-5.312579486388876,0.5725796863888766
EF5248,-4.3499999,-4.592693718333335,0.24269381833333448
EF5249,-4.3099999,-4.5028985978888905,0.19289869788889025
EF5251,-4.2800002,-4.322099077666667,0.042098877666666645
EF5261,-4.4000001,-4.652554404499995,0.25255430449999494
EF5264,-4.5100002,-4.33826282751111,-0.17173737248889065
EF5265,-4.1500001000000015,-4.511354855166663,0.36135475516666116
EF5270,-4.02,-4.387241701166666,0.367241701166666
EF5278,-4.0,-4.365322684166668,0.36532268416666813
EF5283,-4.1399998999999985,-4.238828756666662,0.09882885666666308
EF5292,-4.4400001,-4.519920474444446,0.07992037444444655
elarofiban,-6.21,-5.4868047872555605,-0.7231952127444394
5-chlorosalicylic acid,-4.98,-4.696789367783329,-0.2832106322166714
epinephrine,-6.125,-5.301012089899996,-0.823987910100004
eriodictyol ,-5.2800002,-5.372576553311097,0.09257635331109704
erythromycin,-5.7800002,-5.5762417783682725,-0.20375842163172742
famotidine,-6.0700002,-5.823617686844416,-0.24638251315558435
fexofenadine,-6.5100002,-5.217378495660316,-1.292621704339684
fexofenadine hydrochloride,-5.6999998,-5.224612120460315,-0.4753876795396845
fluparoxan,-4.0999998999999985,-4.114041699133333,0.014041799133334365
AACV,-5.6900001,-5.514810773888884,-0.17518932611111548
glycerol,-4.829999900000002,-5.128013293383333,0.2980133933833313
glycine-valine acyclovir,-5.2800002,-5.212463528766669,-0.06753667123333074
guanabenz,-4.6799998,-4.4463884766666695,-0.23361132333333057
hesperetin ,-4.7399998,-5.27610219960554,0.5361023996055403
hexapeptide 01,-5.8200002,-5.815763162962994,-0.004237037037006175
hexapeptide 03,-5.8200002,-5.820000200000032,3.197442310920451e-14
hexapeptide 05,-5.8200002,-5.818613533333365,-0.0013866666666348948
hexapeptide 06,-5.8200002,-5.816695611255442,-0.003304588744557968
hexapeptide 07,-5.8200002,-5.594674790512872,-0.22532540948712754
hexapeptide 08,-5.8200002,-5.628940074939884,-0.19106012506011627
hexapeptide 09,-5.3000002,-5.818960200000031,0.518960000000031
aceclofenac,-4.4099998,-4.8814261380555575,0.4714263380555579
hexapeptide 12,-5.8200002,-5.594674790512872,-0.22532540948712754
hexapeptide 13,-5.8200002,-5.638412436652245,-0.18158776334775517
hexapeptide 14,-5.8200002,-5.653954620394424,-0.16604557960557553
hexapeptide 18,-5.3000002,-5.818960200000031,0.518960000000031
hexapeptide 20,-5.8200002,-5.628940074939884,-0.19106012506011627
acetaminophen,-4.4400001,-4.747811639707939,0.30781153970793884
hexapeptide 22,-5.8200002,-5.700736302339931,-0.11926389766006906
hexapeptide 23,-5.8200002,-5.661826762730821,-0.15817343726917876
hexapeptide 24,-5.8200002,-5.638511910520443,-0.18148828947955664
hexapeptide 25,-5.8200002,-5.685458484514358,-0.13454171548564187
hexapeptide 26,-5.3000002,-5.685458484514358,0.3854582845143577
hexapeptide 27,-5.3000002,-5.697213589447109,0.39721338944710904
hexapeptide 28,-5.0,-5.700736302339931,0.7007363023399309
hexapeptide 29,-5.8200002,-5.697213589447109,-0.12278661055289053
hexapeptide 32,-5.8200002,-5.638511910520443,-0.18148828947955664
hexapeptide 33,-5.8200002,-5.685458484514358,-0.13454171548564187
hexapeptide 34,-5.8200002,-5.700736302339931,-0.11926389766006906
hexapeptide 37,-5.8200002,-5.638511910520443,-0.18148828947955664
hexapeptide 38,-5.8200002,-5.700736302339931,-0.11926389766006906
hexapeptide 41,-5.2600002,-5.578152403706483,0.31815220370648234
hexapeptide 42,-5.8200002,-5.075646981575449,-0.7443532184245507
hexapeptide 47,-5.3000002,-5.075646981575449,-0.22435321842455114
hexapeptide 48,-5.3000002,-5.228259149521728,-0.0717410504782725
hexapeptide 52,-4.6999998,-5.3331871747125446,0.6331873747125449
hexapeptide 53,-5.3000002,-5.578152403706483,0.2781522037064823
hexapeptide 54,-5.0,-5.280311543827422,0.2803115438274224
hexapeptide 55,-5.3000002,-5.075646981575449,-0.22435321842455114
hexapeptide 56,-5.0999999,-5.260334589756576,0.16033468975657605
hexapeptide 57,-5.1500001,-5.231644369522347,0.08164426952234738
hexapeptide 58,-5.3000002,-5.231644369522347,-0.06835583047765326
hexapeptide 59,-5.3000002,-5.175529037234,-0.12447116276600045
hexapeptide 60,-5.3000002,-5.175529037234,-0.12447116276600045
hydralazine,-5.170000099999998,-4.688146658994444,-0.48185344100555483
hydrocortisone,-4.6599998,-4.903992769494451,0.24399296949445137
IACV,-5.6799998,-5.549097235166672,-0.1309025648333284
alminoprofen,-4.3400002,-4.910068496533338,0.5700682965333375
imipramine,-4.8509998,-4.452684850944436,-0.39831494905556397
indomethacin,-4.6900001,-4.77702922125556,0.0870291212555605
isoquercitrin ,-6.170000099999998,-6.277032681166665,0.10703258116666614
ketoconazole,-4.9299998,-4.88357351955554,-0.046426280444459955
lamotrigine,-4.3899999,-4.7165548409277775,0.32655494092777726
lansoprazole,-4.1100001000000015,-4.849806017999994,0.7398059179999921
Liquiritin apioside ,-7.119999900000002,-6.274577268077773,-0.8454226319222284
lisinopril,-7.389999900000001,-6.3510019605555375,-1.0389979394444637
loracarbef,-7.3400002,-5.610673454338097,-1.7293267456619033
amfenac sodium,-4.52,-5.0389334084999975,0.5189334084999979
LY366659,-4.1999998,-4.377574410999986,0.1775746109999865
LY366799,-4.54,-4.4196521029999944,-0.12034789700000559
LY366853,-5.3000002,-4.81000640080555,-0.4899937991944503
LY366856,-4.329999900000002,-4.389369734166656,0.0593698341666542
meloxicam,-4.71,-4.757719211027787,0.04771921102778709
methylscopolamine,-6.1599998,-5.123417812388897,-1.0365819876111022
metolazone,-5.21,-5.209693122603165,-0.00030687739683532556
amoxicillin,-6.1524997,-5.899558103012989,-0.2529415969870108
nadalol,-5.4109998,-5.123978439816674,-0.287021360183326
naproxen,-4.6599998,-4.623651168153183,-0.036348631846816915
naproxen sodium,-4.329999900000002,-4.968354622288381,0.6383547222883799
naringenin,-4.6550002,-5.154535791749997,0.4995355917499973
N-carbobenzoxy-tryptophan,-5.8000002,-5.529749201722224,-0.27025099827777677
N-desmethylclozapine,-4.6799998,-4.639826614944444,-0.040173185055556004
neolignan smi02,-5.3400002,-4.913428071075928,-0.4265721289240725
neolignan smi05,-4.73,-4.851634180000003,0.1216341800000027
ampicillin,-5.6999998,-6.029493632677795,0.3294938326777954
neolignan smi08,-4.5500002,-4.752398788333341,0.2023985883333408
neolignan smi09,-4.5100002,-4.908948277572224,0.39894807757222406
oxacillin,-5.579999900000002,-5.166241803643654,-0.4137580963563474
oxprenolol ester,-4.545000099999998,-4.330562725988901,-0.21443737401109786
PNU200001,-6.6999998,-6.28273135850001,-0.41726844149998943
PNU200647,-4.6500001,-5.5544091371666715,0.9044090371666718
PNU200648,-7.0500002,-6.603389221111092,-0.4466109788889083
PNU200969,-6.1500001,-5.934333779925921,-0.21566632007407893
pravastatin,-5.8400002,-5.6850834848666825,-0.15491671513331795
prazosin,-4.987,-5.174809488444447,0.18780948844444723
prednisolone,-4.7199998,-5.317684296546034,0.5976844965460337
preladenant,-5.3499999,-5.115281829971433,-0.23471807002856693
propranolol ester,-4.5100002,-4.672010909882529,0.1620107098825283
puerarin ,-6.4000001,-6.295131020333347,-0.10486907966665271
quinidine,-4.6900001,-4.636618887076981,-0.05338121292301867
raffinose,-7.619999900000002,-6.850091042177772,-0.7699088578222293
artesunate,-5.4000001,-5.159947388150002,-0.240052711849998
rapamycin,-4.96,-5.073110868714279,0.113110868714279
SACV,-5.329999900000002,-5.67155791533334,0.3415580153333382
scopolamine,-4.928,-4.863511306961097,-0.06448869303890259
serotonin,-4.8600001,-5.129333059664019,0.2693329596640197
sildenafil,-4.5100002,-5.231881574249995,0.7218813742499943
atropine,-4.6999998,-4.777446968507168,0.07744716850716848
sulfadiazine,-4.75,-5.094304633749991,0.3443046337499913
sulfasalazine,-5.378171,-5.644955659777782,0.2667846597777821
tenidap,-4.5700002,-4.86639751818889,0.29639731818889015
tenoxicam,-4.6100001,-5.044993022333339,0.43499292233333886
theophylline,-4.3499999,-4.769848045444444,0.41984814544444404
tiotidine,-5.880000099999998,-5.701224788674998,-0.17877531132500035
tryptophan,-5.3899999,-5.239480359888892,-0.1505195401111079
tryptophanamide,-4.920000099999998,-5.380899494700004,0.4608993947000055
ursolic acid,-5.5500002,-5.1975848342960385,-0.3524153657039619
VACV,-5.3499999,-5.534710683611102,0.18471078361110216
verapamil,-4.579999900000002,-4.908432324538886,0.3284324245388843
benzoic acid,-4.0050001,-4.675040845999994,0.6700407459999935
vinblastine,-5.48,-5.177514543916678,-0.3024854560833221
VLA-4 antagonist 2,-5.369999900000002,-5.370325669916663,0.0003257699166612227
VLA-4 antagonist 3,-5.170000099999998,-5.432248144791675,0.2622480447916766
VLA-4 antagonist 4,-5.3400002,-5.5662158974027856,0.22621569740278513
VLA-4 antagonist 5,-5.5999999,-5.335158172999994,-0.2648417270000065
VLA-4 antagonist 6,-5.6900001,-5.362524615500013,-0.32747548449998654
benzylpenicillin,-6.0250001,-5.629753401333322,-0.3952466986666776
zidovudine,-5.0599999,-5.34526779349592,0.2852678934959201
CA-DADLE,-5.880000099999998,-6.172061564645516,0.29206146464551797
CA-Leu-Enk,-6.4699998,-5.752363928240864,-0.7176358717591365
camptothecin,-4.1100001000000015,-4.905835608334929,0.7958355083349273
carboxamido 28,-4.059999899999998,-4.868683537797623,0.8086836377976248
cefazolin,-6.23,-5.8122160642805545,-0.41778393571944594
ceftriaxone,-6.764999900000001,-5.845308107820636,-0.919691792179365
cephalexin,-6.3600001,-5.940998199555558,-0.4190019004444414
cephalexin acetylated,-6.630000099999998,-5.7035496346634895,-0.9264504653365089
CFPN-PI,-5.1100001,-5.76515045296031,0.6551503529603107
cimetidine,-5.9000001,-5.218103908966667,-0.6818961910333323
clozapine,-4.5100002,-4.617557689233331,0.10755748923333108
2,-6.6989698,-5.907301516933331,-0.7916682830666693
34,-4.5968795,-4.526865081305544,-0.07001441869445557
31,-4.4609237,-4.770384277999992,0.3094605779999915
20,-4.1758742,-4.6041749752499985,0.42830077524999854
7,-4.186419,-4.574520498333333,0.3881014983333335
6,-4.2620125,-4.602161267194437,0.340148767194437
Amiloride,-6.251812,-5.625623273016669,-0.6261887269833313
Cimetidine,-6.0420098,-5.202066359355555,-0.8399434406444444
Lef53,-7.4317985,-6.680968503155539,-0.7508299968444616
15j,-4.856985099999998,-5.239676961879631,0.3826918618796329
15f,-4.5917602,-5.297690488175924,0.7059302881759235
65,-5.221849,-5.20303404352777,-0.018814956472229305
32,-4.9586072,-5.336606023999999,0.37799882399999873
Lobucavir,-6.0555172,-5.73817224194445,-0.31734495805554985
Metoprolol,-4.3493013,-4.718688553066678,0.3693872530666784
9,-4.6197886,-5.501056245322222,0.8812676453222226
4b,-5.0,-5.5017784197777795,0.5017784197777795
2n,-4.5528421,-4.753666136833336,0.20082403683333538
2k,-4.6382723,-4.616132917749996,-0.022139382250003337
2i,-4.6382723,-4.632207633416676,-0.006064666583323941
2m,-4.5376019,-4.725066348666676,0.18746444866667566
2e,-4.5528421,-4.684235776833328,0.13139367683332726
2h,-4.6020598,-4.706211012333337,0.10415121233333657
2o,-4.6020598,-4.786914345666669,0.1848545456666688
2l,-4.6020598,-4.621384970171429,0.019325170171429207
2d,-4.5086384000000015,-4.708544269444444,0.19990586944444289
1,-4.4685210999999985,-4.645590642600002,0.17706954260000352
49,-5.7447276,-5.389802995777774,-0.3549246042222256
48,-5.3665314,-5.524617983977789,0.15808658397778874
1,-5.387216099999999,-5.175359450055556,-0.2118566499444432
17,-6.188375,-5.85242611177777,-0.3359488882222301
5,-5.647924400000001,-5.817764401333329,0.16984000133332788
22,-5.741402099999998,-5.761245669666668,0.019843569666669225
36,-5.1474957,-5.519975067657405,0.3724793676574043
34,-6.3723636,-5.741876120809522,-0.630487479190478
23,-5.9430285000000005,-5.688364262444425,-0.2546642375555752
S-6j,-4.7544875,-4.577037397811113,-0.17745010218888702
659-Harmane,-5.223299,-4.719341798366674,-0.5039572016333258
795-Coptisine chloride (COP),-4.9574246,-4.855722815199486,-0.10170178480051462
"877-(2S,4S,5R)-2-[(4'-Chlorophenyl)-4-methyl-1,3-dioxan-5-yl]amine (5h)",-4.9279342,-4.768038870388896,-0.1598953296111043
"878-(2S,4S,5R)-2-[(4'-Nitrophenyl)-4-methyl-1,3-dioxan-5-yl]amine (5i)",-4.8885694000000015,-5.05753798107592,0.1689685810759185
"879-(cis)-[2-(E-Phenylvinyl)-1,3-dioxan-5-yl]amine (6a)",-4.9913998,-4.776083516099999,-0.2153162839000009
"880-(2S,4S,5R)-[2-(E-Phenylvinyl)-4-methyl-1,3-dioxan-5-yl]amine (6b)",-4.9880071,-4.925828268138885,-0.0621788318611145
881-13h,-4.9920392,-5.026293477888893,0.034254277888893014
"883-(cis)-[2-(E-Phenylvinyl)-1,3-dioxan-5-yl]phenylacetamide (14a)",-5.0498786,-4.929253065611112,-0.12062553438888823
884-14b,-5.050365900000001,-5.031047749555561,-0.019318150444440185
1029-Dihydrotetrabenazine isomer,-4.598685700000001,-4.741880732777767,0.1431950327777658
228-Raffinose,-7.309804,-7.136988198666687,-0.17281580133331254
234-Cortisone,-4.5086384000000015,-4.836421893294442,0.3277834932944401
677-Prednisolone,-5.4436975,-5.032460070938108,-0.41123742906189165
679-Captopril (Cap),-4.8153086,-5.077245950611116,0.2619373506111158
732-Amitriptyline,-3.9006648,-4.398085418555551,0.4974206185555512
801-Yohimbine (YOH),-4.8124795,-4.77004297507144,-0.04243652492856054
808-Asn-Ala-NH2,-6.5885487000000005,-5.878250135952381,-0.7102985640476192
1033-Dextromethorphan (DEM),-4.628932,-4.719578328277786,0.09064632827778585
014-Ampicillin,-6.1023731,-5.632973357597975,-0.4693997424020253
016-Ceftibuten,-6.0604806,-5.741252364273813,-0.31922823572618686
107-zidovudine,-5.1850867,-5.505599217645514,0.3205125176455139
150-Artesunate,-5.4001169,-5.159947388150002,-0.24016951184999868
167-cephradine,-5.6925039,-6.156083012722209,0.46357911272220864
170-Grepafloxacin hydrochloride (GRX),-4.9825492,-4.942252709446041,-0.0402964905539589
174-Guanabenz,-4.363411900000001,-4.4463884766666695,0.08297657666666858
205-Fluoxetine,-4.9299622,-4.556909323666675,-0.3730528763333254
243-Famotidine,-5.9488473,-5.9457761587651,-0.0030711412348995992
247-Lobucavir,-6.0555172,-5.913878584222239,-0.1416386157777607
263-Amrinone,-4.7544875,-4.615136553616157,-0.1393509463838427
285-Ephedrine,-4.9913998,-4.516028159277781,-0.47537164072221927
403-Atorvastatin,-5.309804,-5.457158307750002,0.14735430775000236
"453-(2E,4E,8Z,10Z)-N-Isobutyldodeca-2,4,8,10-tetraenamide (5) mw=247",-4.2441254,-4.414110358499998,0.16998495849999795
"643-(2E,4E,8Z)-N-isobutyldodeca-2,4,8-trienamide (6) mw = 249",-4.6989698,-4.2861000041166735,-0.41286979588332695
Acrivastine,-5.720623000000002,-4.737944715325396,-0.9826782846746056
Aminopyrine,-4.389419599999999,-4.531597340166666,0.14217774016666684
Amitriptyline,-4.2600002,-4.1874547756666525,-0.07254542433334787
Amphetamine sulfate,-4.3899999,-4.7043823909999976,0.31438249099999727
Ampicillin,-6.0700002,-5.827672786592558,-0.24232741340744202
Artesunate,-5.4000001,-5.159947388150002,-0.240052711849998
Astemizole,-5.1500001,-4.9645023094698475,-0.18549779053015225
Atorvastatin,-5.3099999,-5.457158307750002,0.14715840775000189
Betaxolol,-4.3156309,-4.699967121933342,0.38433622193334127
Bicalutamide,-4.6599998,-5.044158597111108,0.384158797111108
Bisoprolol,-4.7600002,-4.706275648166666,-0.053724551833334466
Bromazepam,-4.4000001,-4.726637584016667,0.3266374840166675
Bupropion,-3.9519544,-4.716267279111114,0.764312879111114
Camazepam,-4.46,-4.8731012087111125,0.41310120871111256
Captopril (Cap),-4.8200002,-5.077245950611116,0.25724575061111565
Cefuroxime,-6.29,-5.975723136422218,-0.3142768635777822
Celecoxib,-4.8050604,-5.07309482688889,0.2680344268888897
Cetirizine,-5.5,-4.919938941027784,-0.5800610589722162
Chloroquine,-4.5500002,-4.864930098649993,0.3149298986499929
Chlorpheniramine,-4.2800002,-4.61092916663333,0.33092896663332994
Chlorprothixene,-4.7399998,-4.343847684344443,-0.39615211565555697
Chlortetracycline,-6.3200002,-5.647036355872219,-0.6729638441277812
Chlorzoxazone,-4.190000100000002,-4.53553111875556,0.34553101875555825
Clarithromycin,-5.4699998,-5.7540153377820396,0.2840155377820395
Clozapine,-4.5100002,-4.693097741194439,0.18309754119443866
Codeine,-4.2800002,-4.376686863350003,0.09668666335000342
Cycloserine,-5.4400001,-5.046557755808203,-0.39344234419179713
Danazol,-4.561461,-4.819460487888895,0.2579994878888945
Dextromethorphan,-4.7399998,-4.628365629638895,-0.11163417036110435
Diclofenac,-4.460681,-4.697967735833332,0.23728673583333215
Digoxin,-5.6316042,-5.886793898500008,0.2551896985000077
Diltiazem,-4.4043612,-4.939725874005557,0.5353646740055567
Efavirenz,-4.0500002,-4.684865509822225,0.6348653098222243
Emetine,-5.6900001,-4.879785119731745,-0.8102149802682552
Enalaprilat,-5.880000099999998,-5.858393517557926,-0.021606582442072586
Exemestane,-4.329999900000002,-4.676737630930559,0.34673773093055704
Ethionamide,-4.4000001,-4.683453567455553,0.2834534674555531
Fluoxetine,-4.5500002,-4.746478995055558,0.19647879505555732
Fluparoxan (GR50360A),-3.729485,-4.294453485444439,0.5649684854444392
Flupenthixol,-4.8899999,-4.9055886716666635,0.01558877166666317
Fluvastatin,-5.6999998,-5.204456662416662,-0.49554313758333723
Gancyclovir,-6.1012278,-5.789024279800005,-0.3122035201999953
Glipizide,-4.7199998,-5.392081546271798,0.6720817462717976
Glutaminic Acid,-6.0700002,-5.419669448133334,-0.6503307518666661
Grepafloxacin HCl,-4.8899999,-4.927633847733328,0.037633947733327844
Guanabenz,-4.329999900000002,-4.551086713645231,0.22108681364522909
Haloperidol,-4.71,-4.946583435111113,0.2365834351111129
Imatinib,-5.3899999,-5.2522648308888895,-0.13773506911111077
Indinavir,-5.6900001,-5.666355051166666,-0.02364504883333396
Isoxicam,-4.6100001,-4.896371792576077,0.2863716925760773
Ketanserin,-4.4400001,-5.093725677938894,0.6537255779388946
Labetalol,-4.895062,-5.504938935633332,0.6098769356333316
Lamivudine,-5.420000099999998,-5.363421984977781,-0.056578115022217546
Lisinopril,-6.6599998,-6.758337734000009,0.09833793400000967
Lomefloxacin,-4.8000002,-4.88974744366111,0.08974724366110998
Loperamide HCl,-4.9699998,-5.056459783999999,0.08645998399999932
Lobucavir,-6.0599999,-5.766093510277776,-0.29390638972222405
Losartan,-6.0727587,-5.147798728666672,-0.9249599713333279
Lovastatin,-4.8400002,-5.195917874141917,0.35591767414191633
Loxoprofen,-4.3499999,-4.897914997355557,0.5479150973555571
Mebendazole,-4.5100002,-4.780041557666667,0.2700413576666669
Meloxicam,-4.7058601,-4.824184130111111,0.11832403011111126
Methylprednisolone,-5.1161518,-5.188210938803177,0.07205913880317727
Metolazone,-5.3049202000000015,-5.1158876180095385,-0.18903258199046302
Nelfinavir,-6.1500001,-5.5205736252837285,-0.6294264747162712
Netivudine (882C87),-5.1687455,-5.582719616166677,0.4139741161666768
Nicardipine,-4.9305754,-5.305708688166667,0.37513328816666647
Nifedipine,-4.3319983,-4.936946542666661,0.6049482426666604
Nisoldipine,-4.6999998,-4.815748958059876,0.1157491580598764
Nitrendipine,-4.6200309,-5.056594594833334,0.43656369483333446
Olopatadine,-5.0100002,-4.693787382127777,-0.31621281787222344
Ouabain,-6.9593034,-6.836587964222237,-0.12271543577776267
Oxaprozin,-4.48,-4.8276767948444474,0.347676794844447
Pentoxifylline,-4.1799998,-4.755577476588889,0.5755776765888889
Phenobarbital,-4.630000099999998,-4.6054116150222235,-0.024588484977774883
Piroxicam,-4.4490995,-4.895255497688887,0.44615599768888714
Pravastatin,-5.869999900000002,-5.667881947666684,-0.20211795233331742
Prazocin,-4.8899999,-4.880441268777778,-0.009558631222222225
Pranoprofen; pyranoprofen,-4.3899999,-4.734676444611113,0.3446765446111124
Prednisolone,-5.369999900000002,-5.030385261338901,-0.339614638661101
Promazine,-4.380000099999998,-4.497378945833326,0.11737884583332736
Promethazine,-3.7777722,-4.565714217853167,0.7879420178531675
Pyrimethamine,-4.23,-4.847480779699996,0.6174807796999957
Quinidine,-4.6799998,-4.63881633448413,-0.0411834655158696
Raloxifene HCl,-5.7227535000000005,-5.083211739469697,-0.6395417605303031
Remikiren (Ro 42-5892),-6.1300907,-5.690957433555553,-0.43913326644444695
Reserpine,-5.369999900000002,-5.086039366083332,-0.28396053391666953
Rifampicin,-5.399786,-5.478665030460327,0.07887903046032729
Rofecoxib,-4.619999900000002,-4.893705781590476,0.27370588159047404
Saquinavir,-6.2800002,-6.180413938666654,-0.09958626133334558
Simvastatin,-5.170000099999998,-5.030565709096042,-0.13943439090395682
Sorivudine (BVaraU),-5.3899999,-5.423101018333356,0.03310111833335583
Sparfloxacin (SPX),-4.7784066,-5.194252904496324,0.4158463044963234
Spironolactone,-4.5008955,-4.720215704029357,0.2193202040293567
Stavudine (d4T),-5.3483939000000005,-5.175953626938897,-0.17244027306110343
Sulfamethizole,-5.8393164,-4.895752269111107,-0.9435641308888938
Sumatriptan,-5.6828976,-5.016141651966669,-0.6667559480333312
Tacrolimus,-5.1500001,-5.36811162694604,0.21811152694604008
Tamoxifen,-4.3221111,-4.687890202555554,0.3657791025555541
Tenidap,-4.3103647,-4.827582822383335,0.5172181223833352
Thalidomide,-4.6999998,-4.895234626727777,0.19523482672777703
Tinidazole,-4.52,-5.096915719333332,0.5769157193333321
Trazodone,-4.619999900000002,-4.958797680177771,0.33879778017776907
Triazolam,-4.5500002,-4.628483754077776,0.07848355407777596
Valproic acid,-4.3200002,-4.6957564495555495,0.37575624955554954
Valsartan,-6.2600002,-5.364171854916669,-0.8958283450833315
Yohimbine (YOH),-4.8099999,-4.807285451945247,-0.0027144480547534044
Zolpidem,-4.5,-4.740705389983335,0.24070538998333468
Zomepirac,-4.6100001,-4.741901174166668,0.1319010741666684
Flavone,-3.9201083,-4.6051091663055495,0.6850008663055496
Gly-Pro (glycylproline),-5.2123351,-5.164963931194442,-0.04737116880555803
Phencyclidine (PCP),-4.48,-4.582517034455554,0.10251703445555371
DMP 851,-5.6788902000000006,-5.560870041162696,-0.11802015883730466
N-Acetyl-D-alanyl-D-phenylalanine N-Methylamide (2),-5.7484403,-5.449587851666663,-0.2988524483333377
N-Acetyl-D-valyl-D-phenylalanine N-Methylamide (3a),-5.3900242,-5.367345254333338,-0.022678945666662287
N-Acetyl-D-phenylalanyl-D-phenylalanine N-Methylamide (5a),-5.0499268,-5.374341567999992,0.32441476799999247
N-Acetyl-D-cyclohexylalanyl-D-phenylalanine N-Methylamide (6),-5.1413335999999985,-5.281616791638892,0.14028319163889336
N-Acetyl-D-alanine Phenethylamide (8),-4.6095328,-4.8390711638333315,0.22953836383333126
N-Acetyl-D-leucine Phenethylamide (10),-4.513246499999998,-4.667102770833333,0.15385627083333464
N-Acetyl-D-phenylalanine Phenethylamide (11a),-4.4210458,-4.8074837053333335,0.38643790533333355
N-Acetyl-D-cyclohexylalanine Phenethylamide (12),-4.3517655999999985,-4.6703477671523785,0.3185821671523801
1,-6.8762317,-6.6543740268333345,-0.2218576731666655
2,-7.3814997999999985,-7.038307513472203,-0.34319228652779543
3,-7.1178856,-6.9966720165000105,-0.12121358349998967
4,-7.382024799999999,-7.0937650239999845,-0.2882597760000145
6,-7.3390937,-7.187884969666672,-0.1512087303333285
7,-7.0912943,-7.057590336333319,-0.0337039636666816
8,-7.3677616,-6.705936738555545,-0.6618248614444546
9,-7.1487603,-6.665771282055549,-0.48298901794445115
13,-4.997839,-5.901055488833338,0.9032164888333378
16,-6.850390400000001,-6.340804786222232,-0.5095856137777695
Alprenolol ester,-4.1507826,-4.631126764184129,0.48034416418412906
Betaxolol ester,-4.1300812,-4.566548765144439,0.4364675651444392
Oxprenolol ester,-4.1920457,-4.519457954271417,0.3274122542714162
Sulfasalazine,-6.5171175,-5.250079707944442,-1.2670377920555582
V,-4.5500002,-4.663881474583342,0.11388127458334196
VIII,-4.5700002,-4.660499912000012,0.09049971200001217
XI,-4.5900002,-4.70520284094445,0.11520264094444954
XIV,-4.77,-4.680238711777786,-0.08976128822221341
"DB75 [2,5-bis(4-amidinophenyl)furan]",-6.4201083,-5.852748299655551,-0.5673600003444488
Gomisin A,-4.5693183,-4.825772720544446,0.2564544205444461
Epinephrine,-6.0188646,-5.301012089899996,-0.7178525101000037
Fleroxacin,-4.8099742,-4.8697059541389045,0.059731754138904414
Ceftriaxone,-6.604713,-5.845308107820636,-0.7594048921793641
Penicillin G,-5.8697934,-5.757423182911093,-0.11237021708890715
BVaraU,-5.3989701,-5.4866876335833465,0.08771753358334688
Glutamine,-6.0702906,-5.471886810244447,-0.5984037897555528
LY334370,-5.3211966,-4.904151915924604,-0.4170446840753961
Dexamethasone-?-D-glucoside,-6.3982739,-6.4712523086110965,0.07297840861109606
Lactulose,-6.5364394,-6.270406186316664,-0.2660332136833361
PNU 200603,-6.4579659000000005,-6.070481436611126,-0.38748446338887454
L-alanine,-5.4201083,-4.926030489344446,-0.4940778106555541
Tiotidine,-5.6587887000000014,-5.855863881499982,0.19707518149998027
Glycylsarcosine,-4.9000001,-5.138797463926988,0.23879736392698803
MEN15596,-5.291214900000001,-5.212793430777795,-0.07842146922220561
9-Nitrocamptothecin (9-NC),-5.198543099999998,-4.953374951749996,-0.2451681482500021
H 95/71,-5.4279842,-4.919988770916664,-0.5079954290833362
H 244/45,-5.2198415,-4.990490155155559,-0.2293513448444413
Oxacillin,-4.8797115999999985,-5.57862322889604,0.6989116288960417
Cyclo(-PFwKTF-) (1),-6.2209244,-6.349134473250019,0.12821007325001865
Cyclo(-PFwKTMeF-) (3),-6.3005152,-6.340662290888911,0.040147090888910775
Cyclo(-PFMewKTF-) (4),-6.3989701,-6.418423564416693,0.019453464416693045
Cyclo(-PFMewMeKTF-) (6),-6.742363900000001,-6.380933997833358,-0.36142990216664295
Ac-D-phe-NH2,-5.10009,-5.07195218453333,-0.02813781546666938
Ac-D-phe2-NH2,-5.6994848,-5.303504839666671,-0.39597996033332894
Ac-D-phe2-(NMe-D-phe)-NH2,-5.3484769,-5.224334367333336,-0.12414253266666364
Ac-D-phe-(NMe-D-phe)2-NH2 {[14C]-Acf(N-Mef)2NH2 },-4.922927400000002,-5.092073508777774,0.16914610877777214
Ac-(NMe-D-phe)3-NH2,-4.6937804000000005,-4.905280427166664,0.2115000271666636
Ac-(NMe-D-phe)3-NHMe,-4.494889700000001,-4.981430235666668,0.4865405356666672
BMS 189664,-6.561124799999999,-5.964511813205043,-0.5966129867949563
PNU200969,-6.152451,-6.045702164444422,-0.10674883555557813
PNU-93936A,-4.29,-4.65535907463889,0.3653590746388904
PNU-100766,-4.6788902000000006,-4.674397054388895,-0.004493145611105476
PNU-184435,-5.338621099999999,-4.652038456833343,-0.6865826431666564
PNU-184249,-4.4579659000000005,-4.797974573305564,0.3400086733055634
PNU-184148,-4.4308991,-5.041393781984927,0.6104946819849264
PNU-184147,-4.7423639,-4.947658586829372,0.20529468682937235
PNU-184421,-4.3783755,-4.742419118499999,0.36404361849999933
PNU-184470,-4.6391363,-4.943630444477778,0.30449414447777823
PNU-179962,-5.250906,-5.152694074629107,-0.09821192537089285
PNU-179399,-5.8880281,-4.87179372533334,-1.0162343746666593
"NK1NK2 analogue 105 (MDL 105,212)",-5.4105153,-5.173933145444443,-0.2365821545555571
NK1NK2 analogue 212 (15d),-5.0814137000000015,-5.058527232399996,-0.022886467600005567
366094,-5.0,-4.936863332500001,-0.06313666749999935
"EI analogue 101 (MDL 101,146)",-5.098455,-4.948362655488902,-0.15009234451109865
354400,-4.5388007,-4.7249580395357125,0.18615733953571212
"EI analogue 102 (MDL 102,111)",-4.517849900000001,-5.1381607283849196,0.6203108283849188
368177,-4.907450700000001,-4.970405507888885,0.06295480788888419
Thiamin (Vitamin B1),-5.2685814,-4.950727150544445,-0.3178542494555554
6MAQH (W2),-4.8496218,-5.053822011805557,0.20420021180555636
Bicyclol,-4.7979398,-4.690279638166675,-0.10766016183332461
5'-L-phenylalanyl-floxuridine,-5.3891382000000005,-5.8687605701698375,0.479622370169837
5'-L-isoleucyl-floxuridine,-5.5908804000000005,-5.626465930833328,0.035585530833327716
5'-L-valyl-L-phenylalanyl-floxuridine,-6.080461,-5.646130597844446,-0.4343304021555534
5'-L-leucyl-L-glycyl-floxuridine,-5.4206805000000005,-5.703843209744456,0.2831627097444551
Tanshinol (TSL),-5.9118199,-5.809097089555551,-0.10272281044444931
Salvianolic acid A (SAA),-7.2277412,-5.978191637094022,-1.2495495629059779
Salvianolic acid D (SAD),-7.179570699999998,-5.995502346566243,-1.184068353433755
Lithospermic acid (LSA),-7.0891552,-6.534550259666657,-0.5546049403333431
14,-6.222376799999998,-5.874010364977763,-0.3483664350222355
Epimedin A,-6.4910722000000005,-6.508530403405562,0.017458203405561257
Epimedin B,-6.5595455000000005,-6.365883884455563,-0.19366161554443728
Icariin,-6.2292061,-6.395279347000005,0.16607324700000525
Baohuoside I,-5.8378239,-6.000317592361125,0.16249369236112532
Umbelliferone,-4.5710139000000005,-4.659817282233335,0.08880338223333428
Angelol-A,-4.8123703,-4.91683388188888,0.10446358188887928
Angelol-B,-4.8499289,-4.812098456166674,-0.03783044383332612
"8-Hydroxy-pentadeca-(9E,13Z)-dien-11-yn-2-one (2)",-4.3099017,-4.724096663411115,0.4141949634111146
"Pentadeca-(8Z,13Z)dien-11-yn-2-one (5)",-5.0,-4.359524763383333,-0.640475236616667
"Tetradec-(8Z)-ene-11,13-diyn-2-one (6)",-4.492425,-4.675131096222222,0.18270609622222178
SB639,-5.5207167,-5.101370614138887,-0.41934608586111377
PB-26,-5.6391363,-5.474992855444439,-0.1641434445555605
PB-27,-5.7979398,-5.2347566965,-0.5631831035000001
PB-104,-5.5875134000000015,-5.238847828999996,-0.34866557100000595
MEN14268,-5.0478787,-5.367330342000006,0.319451642000006
MEN14732,-4.7399998,-5.192329300999999,0.45232950099999947
MEN14745,-5.2209244,-5.352948614111111,0.13202421411111054
MEN15353,-5.0700002,-5.501346579833344,0.4313463798333439
MEN15366,-5.4094677,-5.472357696666678,0.06288999666667738
MEN15716,-4.997839,-5.404354176000013,0.4065151760000134
-,-5.1900001,-4.244395979833321,-0.9456041201666787
-,-4.5380535,-4.444197360377774,-0.09385613962222639
-,-4.2782722,-4.7944818396161555,0.5162096396161555
-,-4.220202,-4.123780968166666,-0.09642103183333361
-,-4.0902224,-4.474616085722216,0.3843936857222161
-,-4.0680037,-4.185017457000002,0.11701375700000138
-,-4.0202255,-4.475165200333326,0.45493970033332687
-,-3.9723473,-4.262689749777774,0.290342449777774
-,-3.9703081,-4.231199175166662,0.26089107516666177
-,-3.9612868,-4.131514752333332,0.17022795233333188
-,-3.8880284,-4.311023961833327,0.4229955618333272
4'-Cl BZT,-4.9114642,-4.693449089038883,-0.21801511096111703
"3',4''-diCl BZT",-5.5975828000000005,-4.751350653505551,-0.8462321464944491
7-MF,-4.6479459,-4.557660447499999,-0.09028545250000075
"5,7-DMF",-4.6313224,-4.561717790333335,-0.0696046096666656
"5,7,4'-TMF",-4.5595455000000005,-4.707901305333345,0.14835580533334447
"7,4'-DHF",-5.2123351,-4.8169447096666715,-0.39539039033332823
"Chrysin (5,7-DHF)",-5.0105972,-4.822437712500011,-0.18815948749998945
"Apigenin (5,7,4'-THF)",-4.9821801,-5.044932868507938,0.06275276850793787
12d,-5.9593034000000005,-5.459080742500018,-0.5002226574999824
12q,-5.8219547,-5.378643333999991,-0.4433113660000094
Biotin-Saquinavir,-6.4094677,-6.092165224591266,-0.31730247540873435
G6191,-6.4579659000000005,-6.230567073996285,-0.2273988260037152
G6262,-6.3682656,-6.046218962499986,-0.32204663750001394
G6264,-6.8519359,-6.156422492833354,-0.6955134071666462
XP13512,-4.5093193,-4.903077013327776,0.3937577133277763
20(S)-camptothecin (CPT),-4.3318486,-4.873142068579369,0.5412934685793696
353462,-4.1700001,-4.826505186666673,0.6565050866666731
366853,-5.187450900000001,-4.858314282611115,-0.3291366173888859
CPU-86017,-6.2314224000000005,-4.857312887559259,-1.3741095124407412
Harmol,-5.3022589999999985,-4.8410843066111084,-0.46117469338889006
CF 1525 (p-Me),-5.8474512,-5.468516792333315,-0.3789344076666854
CF 1523 (p-Cl),-5.7328787000000005,-5.557103305833343,-0.17577539416665733
CF 1517 (p-Br),-5.6954093,-5.585844157500009,-0.10956514249999039
CF 1572 (p-I),-5.130000099999998,-5.788139774333333,0.6581396743333343
Roxithromycin,-5.7397189000000015,-5.608376956138884,-0.1313419438611172
"2-Amino-1-methyl-6-phenylimidazo-[4,5-b]pyridine (PhIP)",-4.8205117999999985,-4.7194312697444385,-0.10108053025555996
8,-5.1011863,-5.305319784333321,0.20413348433332068
10,-4.6994848,-5.233388391666679,0.5339035916666797
11,-5.8519359,-5.0795556843333465,-0.7723802156666535
12,-5.3005152,-5.461966520999988,0.16145132099998794
14,-5.769775900000001,-5.235906569999996,-0.5338693300000052
15,-5.7979398,-5.476795048111105,-0.3211447518888946
16,-5.720623000000002,-5.2557884771666625,-0.46483452283333904
14c,-4.9723473,-5.247734694333326,0.27538739433332626
21c,-5.8519359,-5.501431658555548,-0.3505042414444519
25a,-5.769775900000001,-5.690187746777773,-0.07958815322222801
25f,-5.8880281,-5.6408487833333405,-0.24717931666665915
48d,-5.1919103,-5.358308627166689,0.16639832716668934
48e,-5.9593034000000005,-5.211664497111128,-0.7476389028888724
20E 22-ethyl ether (5),-4.8600001,-4.778395480666655,-0.08160461933334506
20E 22-allyl ether (7),-4.6900001,-4.885718259422218,0.19571815942221793
20E 25-methyl ether (10),-4.7600002,-4.789525468416654,0.029525268416653816
PoA 22-methyl ether (18),-4.579999900000002,-4.711679644666649,0.13167974466664756
20-Hydroxyecdysone (25),-4.79,-4.837514960611103,0.04751496061110316
Muristerone A (28),-4.9000001,-5.183886785214648,0.28388668521464844
"(E)-4-(3,4-dimethoxyphenyl)but-3-en-1-yl linoleate (1)",-4.8498521,-4.917460320833351,0.0676082208333515
"(E)-4-(3,4-dimethoxyphenyl)but-3-en-1-yl oleate (2)",-5.0101638,-4.90444690049999,-0.10571689950000973
Compound D,-4.8428431,-4.65370091676984,-0.1891421832301594
Rutaecarpine (RCP),-5.0582528,-4.730081502511122,-0.3281712974888782
Evodiamine (EDM),-4.632256,-4.8231441662555525,0.1908881662555526
YH439,-4.5100002,-4.919148312566667,0.4091481125666663
Choline,-4.9521427000000005,-4.549237692194442,-0.4029050078055585
Cerulenin,-5.4224062,-4.888927464277776,-0.5334787357222242
Rebaudioside A,-6.9593034,-6.5266308743888874,-0.43267252561111214
D-Phe-D-Ala-D-Ser-OH,-6.2819986,-6.035914966561107,-0.24608363343889295
"Dimethyl-4',4'-dimethoxy-5,6,5',6'-dimethylene dioxybiphenyl-2,2'-dicarboxylate (DDB)",-4.1687455,-4.868057775888887,0.6993122758888868
Carbendazim,-4.1011863,-4.719744353788883,0.6185580537888828
Dexloxiglumide,-5.1401309999999985,-5.110692708953704,-0.029438291046294474
Lys-FITC-OCH3,-5.8313413,-5.468887480039682,-0.3624538199603178
Neostenine,-4.9198675000000005,-4.827520847239686,-0.09234665276031429
Decursinol angelate (DA),-4.9204097,-4.767592789891249,-0.15281691010875154
Imidacloprid (IMI),-4.6677732,-5.142099983255554,0.4743267832555542
Laudanosine (LAU),-4.5497985,-4.895832068277774,0.34603356827777443
Cepharanthine (CEP),-4.1877432,-5.05168374913333,0.8639405491333303
Corynanthine (COR),-4.729893700000001,-4.8274999671444565,0.09760626714445575
Ac-Trp-Ala-Gly-Gly-Asp-Ala-NH2,-7.4981046,-6.946549037666665,-0.5515555623333341
Ac-Gly-Asn-Ala-NH2,-6.5900002,-6.054986627894459,-0.5350135721055418
Ac-Gly-Lys-Ala-NH2,-7.0100002,-6.009155338064155,-1.0008448619358452
cyclo[Trp-Ala-Gly-Gly-Asp-Ala],-7.0307584,-5.905468244234428,-1.1252901557655717
Strychnine (Str),-4.5086198,-4.778100660044434,0.2694808600444336
Brucine (Bru),-4.7786422,-4.884209486666662,0.10556728666666171
Brucine N-oxide (B-N),-5.46,-4.857408907583335,-0.6025910924166649
Pseudostrychnine (Psd),-4.6001629999999984,-4.809843516544443,0.2096805165444442
Bilirubin,-6.1314831,-5.602496739166671,-0.5289863608333283
Bilirubin ditaurate,-6.0594678,-5.7936015653698405,-0.2658662346301597
Biliverdin,-5.6290045,-5.729051251888882,0.10004675188888257
16,-5.6010299,-5.121787194711111,-0.4792427052888897
32b,-4.8880281,-5.115748283399998,0.227720183399998
TMC435350 (32c),-5.0778604000000005,-5.028901560777791,-0.04895883922220978
32f,-5.238286,-4.997065929166658,-0.24122007083334207
32g,-4.8219547,-5.001964102249999,0.18000940224999873
32h,-4.9204097,-5.022458206444461,0.10204850644446051
DXG (9),-6.1599998,-6.560206106699994,0.40020630669999413
Isovitexin (10),-6.2003298,-6.271675354555534,0.07134555455553482
DG (13),-6.9204097,-6.26485515951983,-0.6555545404801704
Kaempferol (16),-4.9899998,-5.213758416538467,0.22375861653846751
Tamarixetin (17),-5.0013065,-5.247535655133327,0.2462291551333271
Quercitrin (21),-6.0999999,-6.113674928500026,0.013675028500025554
Isoquercitrin (22),-6.27,-6.555584543222216,0.2855845432222166
IRR (23),-6.5388007,-6.463355921083321,-0.07544477891667967
Eriodictyol (28),-5.2800002,-5.427170575466652,0.14717037546665246
Puerarin (34),-6.3989701,-6.30209829505553,-0.09687180494446945
Isoliquiritigenin (35),-4.8378239,-4.95471706888889,0.11689316888888968
(-)-Epicatechin (36),-6.4311924000000005,-6.161974911666695,-0.2692174883333056
7d,-5.3000002,-5.018613284574599,-0.2813869154254016
9,-5.52,-4.943233606711113,-0.5767663932888869
10c,-5.6999998,-5.0320894238888885,-0.6679103761111111
10d,-5.0,-4.723384191222213,-0.2766158087777866
11b,-5.5214390999999985,-4.882053508119044,-0.6393855918809548
11c,-4.9204097,-4.904336139619043,-0.016073560380957197
11e,-4.4308991,-4.805461121833328,0.3745620218333272
12c,-5.5214390999999985,-5.049335123563493,-0.4721039764365056
12d,-5.0478787,-4.6598310164999885,-0.3880476835000115
"3-[5-(4-hydroxyphenyl)-1,3-oxazol-2-yl]phenol (18)",-5.1011863,-4.834934665500004,-0.2662516344999961
N-(4-Chlorophenyl)-1-(2-(pyridin-4-yl)ethyl)-1H-pyrazole-5-carboxamide (11),-5.1590075,-5.023182373900002,-0.13582512609999853
19,-5.0116143,-4.989212933733334,-0.022401366266665335
20,-5.1515226,-5.179828975999997,0.02830637599999708
N-(4-(Chlorodifluoromethoxy)phenyl)-1-(2-(pyridin-4-yl)ethyl)-1H-pyrazole-5-carboxamide (22),-5.3275695,-5.191504469955022,-0.13606503004497839
N-(4-tert-Butylphenyl)-1-(2-(pyridin-4-yl)ethyl)-1H-pyrazole-5-carboxamide (23),-5.1295056,-5.13670280305556,0.007197203055560486
24,-5.0886235,-5.093246835447608,0.004623335447607957
1,-5.7423639,-5.466768640444463,-0.2755952595555371
"18 (5R,S)",-5.6319547,-5.496858570022234,-0.13509612997776532
4-(Pyridin-4-ylmethylamino)-N-(3-(trifluoromethyl)phenyl)isothiazole-3-carboxamide (3),-5.158072,-5.184582875999976,0.02651087599997659
9,-5.1003633000000015,-5.219131113555531,0.11876781355552968
N-(3-tertbutylphenyl)-4-(pyridin-4-ylmethylamino)isothiazole-3-carboxamide (11),-5.2516832,-5.147385867316648,-0.10429733268335273
14,-5.2606096,-5.157639629277761,-0.10296997072223935
22,-5.2295737,-5.210722133499985,-0.018851566500015515
4-(quinolin-4-ylmethylamino)-N-(3-(trifluoromethyl)phenyl)isothiazole-3-carboxamide (30),-5.5700002,-5.1267619667499975,-0.44323823325000244
6,-5.8989701,-5.077388336666669,-0.8215817633333309
6b,-5.7209244,-5.024185279,-0.6967391210000002
22,-4.8289509000000015,-5.081175523999992,0.25222462399999035
24,-5.8005152,-5.235508035000013,-0.5650071649999875
25,-5.3099999,-4.95032951733333,-0.3596703826666703
26,-4.6900001,-5.057646254666676,0.3676461546666765
28,-5.2600002,-5.1438039366666715,-0.11619626333332889
30,-5.1100001,-5.243332812333329,0.13333271233332944
32,-5.0,-5.160264976777783,0.16026497677778284
34,-5.8005152,-5.173273469416657,-0.6272417305833438
35,-4.6493707,-5.113763408666666,0.46439270866666593
36,-4.8289509000000015,-5.105509424666656,0.27655852466665465
17d,-4.9186072,-5.390951472066662,0.4723442720666613
KAR-2,-4.8616409,-5.3406120929111145,0.47897119291111423
11-keto-beta-boswellic acid (KBA),-5.8000002,-5.167530615835358,-0.6324695841646424
Bis(7)-tacrine (B7T),-5.441246499999999,-5.019222099433335,-0.4220244005666638
1,-4.7597256,-4.875860720084128,0.11613512008412741
3,-6.0107207,-6.176098134649581,0.16537743464958066
"Quercetin 3,4'-diglucoside",-7.0478787,-6.494657584588881,-0.5532211154111186
D-Glu(OBzl)-Ala,-5.6912522,-5.799863686805542,0.10861148680554233
D-Ser(Bzl)-Ala,-5.9906998,-5.676637822500002,-0.314061977499998
Glycocholate,-5.7141905,-5.239361309186768,-0.4748291908132316
F-(S)-IZD,-6.5214390999999985,-5.956143035944459,-0.5652960640555396
Cyclo(-PFMewKTMeF-) (7),-6.570000200000001,-6.402855693700024,-0.16714450629997657
M1,-4.7799463,-4.823940995149999,0.04399469514999943
Epigallocatechin (EGC),-6.8284068,-5.784981750434929,-1.0434250495650712
Fluorescein,-4.77,-5.098349947800005,0.3283499478000058
DB377 (4),-5.2295737,-5.2119074858705146,-0.01766621412948588
NS5B inhibitor 2,-4.9593034000000005,-5.099985315033338,0.14068191503333782
Deoxynivalenol (DON),-5.3005152,-5.2674281503666665,-0.033087049633333976
Putrescine,-4.5179658,-4.949181264566663,0.43121546456666326
Met-enkephalin,-7.380000099999998,-6.663477343722223,-0.7165227562777758
[D-Ala2]Met-enkephalin,-7.02,-7.0769856720499975,0.05698567204999794
Metkephamid,-7.309999900000001,-6.674343614199988,-0.635656285800013
Oxazolidin-2-one (OXa),-4.5900002,-4.57536644472222,-0.014633755277780658
OXb,-4.1799998,-4.766731699911123,0.5867318999111228
OXc,-4.8499999,-4.4921733874,-0.3578265126
OXd,-3.95,-4.744047033583336,0.7940470335833361
OXe,-5.2199998,-5.009733849333327,-0.21026595066667308
OXf,-5.119999900000002,-4.793825236438892,-0.32617466356111
OXh,-5.6999998,-5.108053175333335,-0.5919466246666643
OXo,-4.7199998,-4.890572272250002,0.17057247225000172
OXn,-4.0100002,-4.73043569322381,0.7204354932238095
Ac-Trp-Ala-Gly-Gly-Lys-Ala-NH2,-7.309999900000001,-7.06010146090555,-0.24989843909445142
Cytarabine (1),-6.0999999,-5.596349060233337,-0.5036508397666637
5'-L-valyl-cytarabine (2),-5.23,-5.615799428723014,0.385799428723014
XM970,-5.1999998,-5.190066970333333,-0.009932829666666976
E15,-4.1999998,-4.387191904666652,0.1871921046666527
E17,-4.329999900000002,-4.434154864666656,0.10415496466665441
E23,-4.3899999,-4.513936646833329,0.123936746833329
E24,-4.0999998999999985,-4.67984522966668,0.5798453296666812
E25,-4.7399998,-4.540264936111115,-0.19973486388888428
E28,-5.1500001,-4.751321824950001,-0.3986782750499991
Naringin,-6.820000200000001,-6.49885051884127,-0.32114968115873044
N-desmethylclozapine,-4.6799998,-4.669268523546243,-0.0107312764537566
13,-5.46,-5.506812052158733,0.04681205215873341
14,-5.3200002,-5.194662794888889,-0.1253374051111109
VX-950,-5.3200002,-5.423903818926187,0.1039036189261866
BILN-2061,-5.6599998,-5.52618289505556,-0.13381690494443976
2c,-7.0,-6.0181194844523835,-0.9818805155476165
4b,-6.0,-5.716916994333333,-0.28308300566666666
4c,-5.9000001,-5.4501200855833325,-0.44988001441666725
4f,-6.0,-5.706968786666681,-0.29303121333331905
4g,-5.5,-5.5253093503333455,0.02530935033334547
4h,-5.3000002,-5.592065043666665,0.2920648436666644
4c,-5.420000099999998,-5.335772996692593,-0.08422710330740557
1-naphthol,-4.4899998,-4.648546226611109,0.1585464266111094
V,-5.1500001,-5.06202813833333,-0.08797196166666943
a,-5.8899999,-5.461905269660323,-0.4280946303396771
b,-5.5999999,-5.407064443722231,-0.19293545627776965
C,-5.2199998,-5.510693304333348,0.2906935043333476
I-II,-5.6900001,-5.513469686234353,-0.17653041376564715
5'-L-Val-FUdR,-5.29,-5.826887157045449,0.5368871570454488
5'-L-Leu-FUdR,-6.0100002,-5.364600249666657,-0.645399950333343
Methylparaben,-4.46,-4.607069102666667,0.14706910266666728
Propylparaben,-4.3899999,-4.648546787000004,0.25854688700000406
Butylparaben,-4.4899998,-4.628844705333337,0.13884490533333693
Octylparaben,-4.880000099999998,-4.561508330111117,-0.3184917698888814
Arzanol,-4.71,-5.245914654631313,0.5359146546313127
2,-4.3099999,-4.857386833966668,0.5473869339666679
4,-5.0900002,-5.290663014833324,0.20066281483332382
6,-5.380000099999998,-5.383861153861125,0.003861053861126784
Pyrilamine Maleate,-4.6599998,-4.6723330513555545,0.012333251355554964
Org 12962,-4.5999999,-4.693428425833333,0.09342852583333272
Org 5222,-4.73,-4.6216487639444415,-0.10835123605555896
Org 33062,-4.6999998,-4.762959227805556,0.06295942780555652
Org 25907,-4.8899999,-4.980492873705546,0.09049297370554577
Org 13011,-4.7399998,-4.849026010327776,0.1090262103277766
Org 34037,-4.7199998,-4.557720649444445,-0.16227915055555542
Org 23366,-5.0599999,-4.871612901022233,-0.18838699897776756
Org 34167,-4.869999900000002,-4.740812131444444,-0.1291877685555578
21d,-5.8000002,-5.6926255696666725,-0.10737463033332784
2,-5.8499999,-5.655976272333349,-0.1940236276666516
21e,-5.54,-5.75118822433336,0.21118822433335982
Teniposide,-6.0500002,-5.645886731184124,-0.4041134688158765
22,-5.8200002,-5.305432551916672,-0.5145676480833279
25,-5.380000099999998,-5.489485427099998,0.10948532709999981
5m,-6.3000002,-5.563899306166682,-0.736100893833318
1,-4.9099998,-5.283443335999999,0.373443535999999
13,-5.119999900000002,-5.396884424,0.27688452399999797
13d,-5.8000002,-5.464761114333331,-0.3352390856666698
13e,-5.7199998,-5.5117987071388965,-0.20820109286110355
13g,-5.5,-5.396869308666684,-0.1031306913333161
13i,-5.5900002,-5.362933146666662,-0.22706705333333854
13j,-5.2450004,-5.448436903200003,0.2034365032000025
(E-Z)-19a,-5.1399999,-5.220101579333329,0.08010167933332912
(Z)-19b,-5.4000001,-5.3079949573333485,-0.09200514266665127
(Z)-19c,-5.0700002,-5.264698091047616,0.1946978910476158
(Z)-19d,-5.420000099999998,-5.216720108000001,-0.20327999199999702
(Z)-19e,-4.829999900000002,-5.256317422266677,0.4263175222666753
(Z)-19g,-5.1599998,-5.283563886844444,0.12356408684444453
T2000,-4.4499998,-4.6927285368611145,0.24272873686111485
T2007,-4.46,-4.653893182777772,0.19389318277777168
Cycloastragenol,-4.5,-5.2425538442539725,0.7425538442539725
Byankangelicol,-4.3000002,-4.750895915936507,0.45089571593650657
CD1,-3.51,-4.459701170911112,0.9497011709111121
CD21,-4.1199999,-4.727582607755549,0.6075827077555491
CD27,-3.8199999,-4.784614325545448,0.9646144255454479
Zearalenone (ZEN),-4.98,-5.0081874378555575,0.028187437855557107
a-Zearalenol (a-ZEL),-5.27,-5.1197345053055585,-0.15026549469444106
a-Zearalanol (a-ZAL),-4.8200002,-5.094613138827782,0.27461293882778204
Telaprevir,-5.3899999,-5.423903818926187,0.03390391892618627
Tryptanthrin,-4.1999998,-4.6273956569000045,0.4273958569000049
6,-4.9699998,-5.321223644833346,0.35122384483334557
8,-5.3200002,-5.449517784722233,0.12951758472223318
10,-5.5999999,-5.292722792777797,-0.3072771072222036
11,-5.4699998,-5.480487790022236,0.010487990022236104
25,-4.6799998,-4.947864649833344,0.2678648498333436
45a,-4.8899999,-4.860781029566674,-0.029218870433326494
45b,-5.2199998,-4.980356648983337,-0.23964315101666323
45c,-4.6999998,-4.979072835566682,0.2790730355666824
51a,-4.8899999,-4.776226965666679,-0.11377293433332092
51e,-5.0500002,-4.747986415533344,-0.3020137844666566
60a,-4.5900002,-4.853779962000015,0.26377976200001463
60c,-4.4899998,-4.92074775500002,0.4307479550000206
67c,-4.4899998,-4.9392759530833406,0.4492761530833409
Amfenac,-4.52,-4.704797352666659,0.1847973526666591
Levofloxacin,-4.5500002,-4.795648347651591,0.2456481476515906
Paraoxon,-4.6900001,-4.900474929750002,0.21047482975000253
Sulfasalamide,-5.7088718,-5.583805952222231,-0.12506584777776908
Amlodipine,-4.670000099999998,-4.924519994488886,0.25451989448888757
Alfuzosin,-5.6399999,-5.075343427477776,-0.5646564725222243
Dronedarone,-4.52,-5.1868499632323255,0.6668499632323259
Trimethobenzamide,-4.96,-4.843274756666665,-0.11672524333333456
Desloratadine,-4.059999899999998,-4.661407208222219,0.6014073082222202
Xaliproden (SR57746),-4.73,-4.971778868666671,0.2417788686666702
Setrobuvir (ANA598),-5.8899999,-5.304432507218882,-0.585567392781118
corticosterone,-4.4850001,-4.5360862512476166,0.05108615124761684
cymarin,-5.6999998,-5.645325510083345,-0.05467428991665457
daidzin ,-6.3600001,-6.355239086583334,-0.0047610134166653495
desoxycarticosterone,-4.670000099999998,-4.708788335983338,0.0387882359833398
"(2E,9Z)-N-(2-methylbutyl)pentadeca-2,9-diene-12,14-diynamide",-4.4299998,-4.645445151888886,0.21544535188888592
EACV,-5.8099999,-5.686620234244446,-0.12337966575555459
5-aminolevulinic acid,-5.3400002,-5.016682308500004,-0.3233178914999968
EF5289,-4.2600002,-4.451569970444448,0.19156977044444723
enalapril,-5.6719999,-5.487668096055554,-0.18433180394444637
ganciclovir,-6.369999900000002,-5.934201113729301,-0.43579878627070023
hexapeptide 04,-5.8200002,-5.817400200000032,-0.0025999999999681833
hexapeptide 15,-5.8200002,-5.649937511207321,-0.1700626887926786
hexapeptide 16,-5.3000002,-5.813503242078073,0.5135030420780726
hexapeptide 19,-5.8200002,-5.63750571226553,-0.18249448773446986
hexapeptide 43,-5.8200002,-5.296736367636106,-0.5232638323638943
hexapeptide 51,-5.3000002,-5.2341632234583795,-0.0658369765416209
indobufen,-4.3899999,-4.74772544544445,0.3577255454444499
IRR ,-6.54,-6.490730382149977,-0.04926961785002337
isovitexin ,-6.1999998,-6.184097910055542,-0.01590188994445718
kaempferide ,-5.1900001,-4.984767168388903,-0.20523293161109635
LEF553,-7.7600002,-6.562137547444449,-1.1978626525555516
LY366092,-4.0300002,-4.926746950444439,0.8967467504444393
methanol,-4.4899998,-4.658348414066665,0.16834861406666501
N-acetyl-tryptophanamide,-5.619999900000002,-5.3732954482222235,-0.2467044517777781
neolignan smi06,-4.5900002,-4.9211629755889,0.3311627755888997
neolignan smi07,-4.619999900000002,-4.644978515388893,0.02497861538889179
neolignan smi10,-4.6500001,-4.77058969283334,0.12058959283334048
nitrendipine,-4.8499999,-4.89202013488889,0.04202023488888962
omeprazole,-4.1700001,-4.682598670472222,0.512598570472222
ouabain,-7.23,-6.645163684638869,-0.5848363153611311
PNU200603,-6.4699998,-5.9591916844444475,-0.5108081155555526
quercitrin ,-6.0999999,-6.159499367555578,0.059499467555578
saquinavir,-6.2600002,-6.031398755269831,-0.2286014447301694
SB209670,-5.23,-5.163581545833332,-0.06641845416666836
SDZ-RAD,-4.630000099999998,-5.374539276956354,0.7445391769563559
sulfamethoxazole,-4.880000099999998,-4.981646259647613,0.10164615964761481
betazolol,-4.8099999,-4.410301858107937,-0.39969804189206304
betazolol ester,-4.52,-4.31006634419998,-0.20993365580002
caffeine,-4.3400002,-4.626263405069841,0.28626320506984015
4,-4.9586072,-5.642207596333338,0.6836003963333379
74,-5.6989698,-5.266730705999996,-0.43223909400000426
Verapamil,-4.961279900000001,-4.908432324538886,-0.05284757546111507
2j,-4.5528421,-4.659402975933328,0.10656087593332764
2f,-4.7447276,-4.593406858266672,-0.1513207417333282
2g,-4.5686364,-4.67672564600001,0.10808924600001024
31,-4.8399267,-4.86375919180556,0.023832491805559464
943-Ketotifen fumarate (38),-3.9546771,-4.821291156688869,0.8666140566888694
882-13i,-4.9846401,-5.188091676972228,0.2034515769722276
061-Amiloride,-5.5642352,-5.534727783496294,-0.02950741650370592
187-Saquinavir,-5.8616972,-6.180413938666654,0.3187167386666543
Acyclovir,-5.9899998,-5.728729815824075,-0.2612699841759243
Atropine,-4.7016673,-4.767895739899982,0.06622843989998195
Bendroflumethiazide,-5.8899999,-5.468079810819841,-0.42192008918015933
Cisapride,-4.52,-5.084257271749999,0.5642572717499998
Cymarin,-5.579999900000002,-5.71774610066029,0.1377462006602883
Diphenhydramine,-4.27,-4.468798335482539,0.19879833548253956
Erlotinib,-4.4699998,-4.935245592083336,0.46524579208333616
Furazolidone,-4.9899998,-5.08870701828889,0.09870721828889018
Gefitinib,-4.48,-4.826630139000002,0.34663013900000195
Ketoconazole,-4.7538648,-5.028112912234114,0.2742481122341145
Ketotifen,-4.9499998,-4.170568401079377,-0.7794313989206225
Methadone,-4.6599998,-4.580822836533337,-0.07917696346666236
Methyldopa,-6.619894,-5.599474100666657,-1.0204198993333433
Scopolamine,-4.724059099999999,-4.951432649722246,0.22737354972224733
Talinolol,-4.9684534000000005,-5.190810633400003,0.22235723340000213
Terfenadine,-5.2600002,-5.468675608611097,0.20867540861109646
Viloxazine,-4.3899999,-4.635014582188887,0.245014682188887
"Maraviroc (UK-427,857)",-6.0,-5.21684587456667,-0.7831541254333301
Rhodamine 123 (Rho 123),-5.9411516,-5.02150604104444,-0.9196455589555601
N-Acetyl-D-leucyl-D-phenylalanine N-Methylamide (4),-5.2142239,-5.299668162666677,0.0854442626666767
N-Acetylglycine Phenethylamide (7),-4.6597776,-4.950920674444446,0.2911430744444461
N-Acetyl-D-valine Phenethylamide (9a),-4.4610906,-4.742746592944442,0.281655992944442
10,-7.0312262,-6.849062383666665,-0.18216381633333523
Corticosterone,-4.3887606,-4.621526374911104,0.23276577491110384
Sucrose,-5.9186072,-6.846949451355563,0.9283422513555628
Doxorubicin,-6.5900002,-5.951826148152393,-0.6381740518476073
Propranolol ester,-4.1608586,-4.672010909882529,0.5111523098825286
Proscillaridin,-6.2299852,-5.896495813087303,-0.3334893869126967
Dexamethasone-?-D-glucuronide,-5.9796510000000005,-6.285572515666661,0.30592151566666015
U-84656 (IV),-5.8998151,-5.3916798176400516,-0.5081352823599481
Ac-D-phe3-NH2,-5.764868700000001,-5.595925501666657,-0.16894319833334404
PNU200648,-7.0478787,-6.631994783500025,-0.41588391649997547
PNU200681,-6.6994848,-5.63083586707777,-1.0686489329222297
PNU-179450,-4.4308991,-4.815089289833341,0.3841901898333404
PNU-182347,-4.8219547,-5.166690713333337,0.34473601333333725
PNU-179397,-4.3099999,-4.90138727067223,0.5913873706722299
PNU-182945,-4.769775900000001,-4.976500824666669,0.20672492466666803
PNU-241028,-5.619894,-5.081725791525934,-0.5381682084740662
NK1NK2 analogue 104 (15f),-5.1382737,-5.173197122277782,0.03492342227778167
341908,-4.3312735999999985,-4.636564631694441,0.30529103169444216
"UK 224,671",-5.8969545,-5.245239709422225,-0.6517147905777749
5'-L-glycyl-L-leucyl-floxuridine,-5.2006745,-5.725499896299994,0.5248253962999945
N-[5-[(4-Dimethylaminobenzoyl)amino]pentyl]-2-mercaptoacetamide (S2),-5.1324477,-4.9571253755555595,-0.17532232444444062
Vorinostat (SAHA-suberoylanilide hydroxamic acid),-5.629466099999999,-5.006545537055556,-0.6229205629444436
2,-5.4504986,-6.145840242833307,0.6953416428333066
11,-5.79,-6.090664440233326,0.3006644402333256
13,-6.2987847000000015,-6.11532657813887,-0.18345812186113175
Sulfanilic acid,-5.4299998,-4.736569421833329,-0.6934303781666706
PB-43,-4.9099998,-5.663955680777786,0.7539558807777862
PB-102,-5.1224694,-5.403245978422235,0.2807765784222349
MEN14970,-4.9309068,-5.24359589666666,0.3126890966666602
-,-4.1805572999999985,-4.331468933888883,0.1509116338888843
-,-4.1089525,-4.4072147199999945,0.29826221999999447
-,-3.9978395,-4.32694502266666,0.32910552266665993
-,-3.8897052,-4.061977340999997,0.172272140999997
3'-Cl BZT,-4.662271,-5.12655186866667,0.4642808686666706
"7,4'-DMF",-4.6010299,-4.678627924666673,0.07759802466667232
12g,-5.5514212,-5.536897281932529,-0.014523918067471442
"(2E,4Z,8Z)-N-isobutyldodeca-2,4,10-triene-8 -ynamide (4) mw = 245",-4.0,-4.079606984000018,0.07960698400001842
"2',3'-dideoxyinosine (ddI)",-5.6708102,-5.36077989311111,-0.31003030688888966
Val-ACV,-5.6697760000000015,-5.779326136150797,0.10955013615079512
CF 1526 (p-OMe),-5.9819288,-5.450257921833316,-0.5316708781666843
S-nitrosylated captopril (CapNO),-4.5,-5.111353559460318,0.6113535594603183
13,-4.6994848,-5.441527540666658,0.7420427406666583
ME3229,-5.1011863,-5.133842072066672,0.03265577206667203
10b,-5.3289509000000015,-5.221635861666659,-0.10731503833334255
25c,-5.6994848,-5.464794903999996,-0.23468989600000345
25e,-5.5693183,-5.607482234666674,0.03816393466667378
30d,-5.7979398,-5.4100957519166775,-0.3878440480833225
21b,-5.9593034000000005,-5.451947988316652,-0.5073554116833483
20E 22-methyl ether (4),-4.79,-4.788193522666661,-0.0018064773333392736
PoA 2-methyl ether (16),-4.6999998,-4.766880601000006,0.06688080100000615
PoA 3.22-dimethyl ether (20),-4.5380535,-4.767242141000003,0.22918864100000302
Ponasterone A (26),-4.7199998,-4.768819474766646,0.04881967476664606
Ergonovine,-5.1684265,-5.2164948225833365,0.04806832258333671
Folinic acid,-7.5214391,-5.91171410603969,-1.6097249939603104
Liquiritigenin (LG),-4.8000002,-4.82152598484444,0.021525784844439677
Ginsenoside Rg1 (Rg1),-6.5883503,-6.410891397800001,-0.17745890219999882
Berberrubine (BRB),-4.8815303,-4.870943940588884,-0.010586359411115964
Ajmalicine (AMC),-4.8187928,-4.801560019516669,-0.017232780483330323
Ajmaline (AML),-4.9387093,-4.881456033900004,-0.05725326609999648
Beta-colubrine (Col),-4.5717444,-4.69052610395,0.11878170394999987
Icajine (Ica),-4.5816798,-4.861634361499996,0.27995456149999587
Pyr-His-Pro-NH2 (TRH),-6.8313413,-5.7145205318388905,-1.1168207681611095
Taxifolin (29),-6.5093193,-5.7407292215714305,-0.7685900784285691
11d,-4.3886080000000005,-4.977669742666658,0.5890617426666571
11f,-4.7979398,-4.721293949166668,-0.07664585083333186
C,-5.158072,-5.02185528024999,-0.13621671975000993
D,-5.489058,-5.201202426549997,-0.28785557345000257
32,-5.3400002,-5.136869898936494,-0.20313030106350638
3,-4.8783755,-5.083400094750007,0.20502459475000734
21,-5.0,-5.05442045633335,0.05442045633335013
23,-5.8005152,-5.274375813972231,-0.5261393860277694
27,-4.9099998,-5.059409758666665,0.1494099586666655
29,-5.29,-5.069271758444432,-0.2207282415555678
31,-5.1599998,-5.262824226111121,0.10282442611112153
3,-4.5418172,-4.9567726673777806,0.4149554673777809
"L1 (1,2-dimethyl-3 hydroxypyridin-4-one)",-4.8885303,-4.792741360466667,-0.09578893953333356
Me-(S)-IZD,-6.3989701,-6.0530554465999815,-0.34591465340001815
Acrylamide,-4.5693183,-4.658191458166659,0.08887315816665886
Dihydrotetrabenazine isomer A,-4.6799998,-4.723361335277786,0.043361535277785634
Ethylparaben,-4.8102908,-4.486147984000003,-0.3241428159999966
5'-L-phenylalanyl-cytarabine (5),-5.6999998,-5.716843838905557,0.016844038905557746
Astilbin,-6.820000200000001,-6.255343922388902,-0.5646562776110988
Methyl gallate,-5.3899999,-5.067499222911111,-0.32250067708888963
Ketamine,-4.2600002,-4.604252399571426,0.34425219957142605
12,-6.2399998,-5.29549536150001,-0.9445044384999894
S1,-5.0300002,-5.601720545337429,0.5717203453374289
S2,-5.29,-5.348275999232542,0.05827599923254212
4d,-5.5,-5.664070704333335,0.16407070433333537
II,-4.1799998,-4.951025203582541,0.7710254035825406
3'-L-Ile-FUdR,-5.5599999,-5.600281503611121,0.04028160361112043
5'-L-Asp-FUdR,-6.4899998,-5.55681498305555,-0.9331848169444497
Acetyl-Trp-Ala-Gly-Gly-Asn-Ala-Amide,-7.29,-7.050263445894465,-0.2397365541055354
Daunorubicin,-6.0999999,-6.039978960500017,-0.06002093949998333
PDE-310,-4.71,-5.076119771722231,0.3661197717222313
Cerivastatin,-5.27,-5.295940369503529,0.025940369503529404
23,-5.4699998,-5.508057942604754,0.03805814260475415
24,-5.6999998,-5.284130068750003,-0.4158697312499964
5d,-6.0999999,-5.56654794440001,-0.5334519555999906
13c,-5.52,-5.3938989082666815,-0.12610109173331807
13h,-5.3600001,-5.311613618000006,-0.048386481999993514
(Z)-19f,-5.3200002,-5.129364408999997,-0.19063579100000272
MMMDPB,-4.5,-4.62108188785555,0.12108188785555019
Ac-C8-Enk-NH (3),-5.9699998,-6.442420779322214,0.47242097932221405
Rivulobirin A,-4.48,-5.194938823583332,0.7149388235833314
Capric acid (decanoic acid),-4.6799998,-4.6471685716888915,-0.03283122831110852
Apometzgerin (2),-4.9499998,-5.121837386257946,0.1718375862579462
3,-5.079999900000002,-5.43259420647223,0.3525943064722288
51d,-5.3000002,-4.757086356600012,-0.5429138433999885
Cycloheximide,-4.8400002,-4.910587288621715,0.07058708862171414
